"Position","Name...ID","Name","ID","Salary","GameInfo","Team","FirstName","LastName","Opponent","Projection","Projection_dfn","Projection_fc"
"WR","Antonio Brown (7545535)","Antonio Brown",7545535,9800,"NYJ@Pit 01:00PM ET","Pit","Antonio","Brown","NYJ",26.78,24.3,24.17
"WR","Julio Jones (7545548)","Julio Jones",7545548,9600,"Atl@Den 04:05PM ET","Atl","Julio","Jones","Den",18.49,23.9,18.17
"WR","A.J. Green (7545557)","A.J. Green",7545557,8900,"Cin@Dal 04:25PM ET","Cin","A.J.","Green","Dal",21,20.5,21.89
"WR","Odell Beckham Jr. (7545594)","Odell Beckham Jr.",7545594,8500,"NYG@GB 08:30PM ET","NYG","Odell","Beckham","GB",19.41,18.8,18.74
"WR","Jordy Nelson (7545588)","Jordy Nelson",7545588,7900,"NYG@GB 08:30PM ET","GB","Jordy","Nelson","NYG",21.92,19,19.28
"WR","Alshon Jeffery (7545488)","Alshon Jeffery",7545488,7800,"Chi@Ind 01:00PM ET","Chi","Alshon","Jeffery","Ind",15.1,16.4,16.07
"WR","DeAndre Hopkins (7545523)","DeAndre Hopkins",7545523,7700,"Hou@Min 01:00PM ET","Hou","DeAndre","Hopkins","Min",14.91,18.2,15.75
"WR","Dez Bryant (7545556)","Dez Bryant",7545556,7700,"Cin@Dal 04:25PM ET","Dal","Dez","Bryant","Cin",0,0,0
"QB","Aaron Rodgers (7545358)","Aaron Rodgers",7545358,7700,"NYG@GB 08:30PM ET","GB","Aaron","Rodgers","NYG",22.81,23.8,20.74
"WR","Marvin Jones Jr. (7545478)","Marvin Jones Jr.",7545478,7600,"Phi@Det 01:00PM ET","Det","Marvin","Jones","Phi",18.59,17.8,15.47
"QB","Tom Brady (7545300)","Tom Brady",7545300,7500,"NE@Cle 01:00PM ET","NE","Tom","Brady","Cle",21.63,24.2,23.22
"RB","Le'Veon Bell (7545420)","Le'Veon Bell",7545420,7500,"NYJ@Pit 01:00PM ET","Pit","Le'Veon","Bell","NYJ",21.79,21.2,20.11
"WR","T.Y. Hilton (7545487)","T.Y. Hilton",7545487,7400,"Chi@Ind 01:00PM ET","Ind","T.Y.","Hilton","Chi",20.46,19.3,17.67
"QB","Andrew Luck (7545313)","Andrew Luck",7545313,7300,"Chi@Ind 01:00PM ET","Ind","Andrew","Luck","Chi",21.08,23.1,19.51
"RB","DeMarco Murray (7545391)","DeMarco Murray",7545391,7200,"Ten@Mia 01:00PM ET","Ten","DeMarco","Murray","Mia",19.9,20,16.86
"QB","Ben Roethlisberger (7545330)","Ben Roethlisberger",7545330,7200,"NYJ@Pit 01:00PM ET","Pit","Ben","Roethlisberger","NYJ",20.22,21.1,20.3
"WR","Amari Cooper (7545585)","Amari Cooper",7545585,7200,"SD@Oak 04:25PM ET","Oak","Amari","Cooper","SD",16.97,16.5,15.55
"WR","Brandon Marshall (7545531)","Brandon Marshall",7545531,7100,"NYJ@Pit 01:00PM ET","NYJ","Brandon","Marshall","Pit",17.85,20.8,16.78
"QB","Matt Ryan (7545336)","Matt Ryan",7545336,7100,"Atl@Den 04:05PM ET","Atl","Matt","Ryan","Den",17,18.5,14.46
"WR","Jarvis Landry (7545503)","Jarvis Landry",7545503,7000,"Ten@Mia 01:00PM ET","Mia","Jarvis","Landry","Ten",20.47,17.3,16.82
"RB","Melvin Gordon (7545453)","Melvin Gordon",7545453,7000,"SD@Oak 04:25PM ET","SD","Melvin","Gordon","Oak",17.47,13.4,17.17
"RB","C.J. Anderson (7545426)","C.J. Anderson",7545426,6900,"Atl@Den 04:05PM ET","Den","C.J.","Anderson","Atl",17.57,16.7,16.69
"WR","Demaryius Thomas (7545546)","Demaryius Thomas",7545546,6900,"Atl@Den 04:05PM ET","Den","Demaryius","Thomas","Atl",15.58,17.8,15.6
"QB","Philip Rivers (7545354)","Philip Rivers",7545354,6900,"SD@Oak 04:25PM ET","SD","Philip","Rivers","Oak",18.27,17.2,18.96
"WR","Michael Crabtree (7545579)","Michael Crabtree",7545579,6900,"SD@Oak 04:25PM ET","Oak","Michael","Crabtree","SD",16.08,16.2,16.33
"WR","Jordan Matthews (7545480)","Jordan Matthews",7545480,6800,"Phi@Det 01:00PM ET","Phi","Jordan","Matthews","Det",15.45,17.4,15.64
"WR","Emmanuel Sanders (7545545)","Emmanuel Sanders",7545545,6800,"Atl@Den 04:05PM ET","Den","Emmanuel","Sanders","Atl",17.52,17.6,15.47
"RB","Ezekiel Elliott (7545438)","Ezekiel Elliott",7545438,6800,"Cin@Dal 04:25PM ET","Dal","Ezekiel","Elliott","Cin",17.68,18.9,16.15
"QB","Derek Carr (7545356)","Derek Carr",7545356,6800,"SD@Oak 04:25PM ET","Oak","Derek","Carr","SD",20.28,22.6,20.08
"WR","Julian Edelman (7545467)","Julian Edelman",7545467,6700,"NE@Cle 01:00PM ET","NE","Julian","Edelman","Cle",18.47,16.3,15.08
"QB","Matthew Stafford (7545308)","Matthew Stafford",7545308,6600,"Phi@Det 01:00PM ET","Det","Matthew","Stafford","Phi",19.04,17.9,16.92
"TE","Jordan Reed (7545634)","Jordan Reed",7545634,6600,"Was@Bal 01:00PM ET","Was","Jordan","Reed","Bal",16.63,14.7,13.35
"RB","LeSean McCoy (7545442)","LeSean McCoy",7545442,6600,"Buf@LA 04:25PM ET","Buf","LeSean","McCoy","LA",16.57,15.2,15.67
"TE","Rob Gronkowski (7545604)","Rob Gronkowski",7545604,6500,"NE@Cle 01:00PM ET","NE","Rob","Gronkowski","Cle",14.52,15,14
"RB","Todd Gurley (7545447)","Todd Gurley",7545447,6500,"Buf@LA 04:25PM ET","LA","Todd","Gurley","Buf",13.77,19.5,16.34
"WR","Travis Benjamin (7545582)","Travis Benjamin",7545582,6500,"SD@Oak 04:25PM ET","SD","Travis","Benjamin","Oak",13.06,13.7,14.05
"QB","Carson Wentz (7545309)","Carson Wentz",7545309,6400,"Phi@Det 01:00PM ET","Phi","Carson","Wentz","Det",17.89,19,17.35
"RB","Lamar Miller (7545410)","Lamar Miller",7545410,6300,"Hou@Min 01:00PM ET","Hou","Lamar","Miller","Min",15.01,19.8,15.71
"WR","Stefon Diggs (7545526)","Stefon Diggs",7545526,6300,"Hou@Min 01:00PM ET","Min","Stefon","Diggs","Hou",0,0,0
"QB","Joe Flacco (7545319)","Joe Flacco",7545319,6200,"Was@Bal 01:00PM ET","Bal","Joe","Flacco","Was",18.09,17.1,17.47
"RB","Matt Forte (7545417)","Matt Forte",7545417,6200,"NYJ@Pit 01:00PM ET","NYJ","Matt","Forte","Pit",14.89,14.8,15.05
"WR","Randall Cobb (7545592)","Randall Cobb",7545592,6200,"NYG@GB 08:30PM ET","GB","Randall","Cobb","NYG",13.06,13.2,12.99
"QB","Kirk Cousins (7545322)","Kirk Cousins",7545322,6100,"Was@Bal 01:00PM ET","Was","Kirk","Cousins","Bal",17.69,17.9,15.61
"RB","DeAngelo Williams (7545416)","DeAngelo Williams",7545416,6100,"NYJ@Pit 01:00PM ET","Pit","DeAngelo","Williams","NYJ",6.45,5.3,5.96
"WR","Eric Decker (7545533)","Eric Decker",7545533,6000,"NYJ@Pit 01:00PM ET","NYJ","Eric","Decker","Pit",0,0,0
"QB","Tony Romo (7545341)","Tony Romo",7545341,6000,"Cin@Dal 04:25PM ET","Dal","Tony","Romo","Cin",0,0,0
"QB","Eli Manning (7545359)","Eli Manning",7545359,6000,"NYG@GB 08:30PM ET","NYG","Eli","Manning","GB",16.93,16.9,15.77
"WR","DeSean Jackson (7545510)","DeSean Jackson",7545510,5900,"Was@Bal 01:00PM ET","Was","DeSean","Jackson","Bal",11.87,14.4,12.7
"QB","Andy Dalton (7545343)","Andy Dalton",7545343,5900,"Cin@Dal 04:25PM ET","Cin","Andy","Dalton","Dal",18.07,19,17.55
"RB","Eddie Lacy (7545460)","Eddie Lacy",7545460,5900,"NYG@GB 08:30PM ET","GB","Eddie","Lacy","NYG",11.55,14.7,12.54
"WR","Terrelle Pryor Sr. (7545468)","Terrelle Pryor Sr.",7545468,5800,"NE@Cle 01:00PM ET","Cle","Terrelle","Pryor","NE",16.15,15.2,12.74
"WR","Will Fuller (7545530)","Will Fuller",7545530,5800,"Hou@Min 01:00PM ET","Hou","Will","Fuller","Min",14.82,14,12.37
"RB","Frank Gore (7545381)","Frank Gore",7545381,5700,"Chi@Ind 01:00PM ET","Ind","Frank","Gore","Chi",14.82,13.6,15.27
"WR","Donte Moncrief (7545494)","Donte Moncrief",7545494,5700,"Chi@Ind 01:00PM ET","Ind","Donte","Moncrief","Chi",0,0,0
"QB","Ryan Tannehill (7545317)","Ryan Tannehill",7545317,5700,"Ten@Mia 01:00PM ET","Mia","Ryan","Tannehill","Ten",17.45,19,17.14
"RB","LeGarrette Blount (7545365)","LeGarrette Blount",7545365,5600,"NE@Cle 01:00PM ET","NE","LeGarrette","Blount","Cle",14.42,17,15.56
"QB","Dak Prescott (7545345)","Dak Prescott",7545345,5600,"Cin@Dal 04:25PM ET","Dal","Dak","Prescott","Cin",18.05,15.6,15.56
"QB","Brian Hoyer (7545311)","Brian Hoyer",7545311,5500,"Chi@Ind 01:00PM ET","Chi","Brian","Hoyer","Ind",15.76,16,14.95
"WR","Sterling Shepard (7545598)","Sterling Shepard",7545598,5500,"NYG@GB 08:30PM ET","NYG","Sterling","Shepard","GB",14.17,11.4,13.27
"QB","Marcus Mariota (7545318)","Marcus Mariota",7545318,5400,"Ten@Mia 01:00PM ET","Ten","Marcus","Mariota","Mia",17.14,17.7,16.36
"QB","Jay Cutler (7545310)","Jay Cutler",7545310,5300,"Chi@Ind 01:00PM ET","Chi","Jay","Cutler","Ind",0,0,0
"WR","Steve Smith Sr. (7545508)","Steve Smith Sr.",7545508,5300,"Was@Bal 01:00PM ET","Bal","Steve","Smith","Was",14.2,15.2,12.97
"QB","Brock Osweiler (7545327)","Brock Osweiler",7545327,5300,"Hou@Min 01:00PM ET","Hou","Brock","Osweiler","Min",13.99,16.7,13.27
"QB","Jimmy Garoppolo (7545303)","Jimmy Garoppolo",7545303,5200,"NE@Cle 01:00PM ET","NE","Jimmy","Garoppolo","Cle",0,0,0
"RB","Jordan Howard (7545389)","Jordan Howard",7545389,5200,"Chi@Ind 01:00PM ET","Chi","Jordan","Howard","Ind",14.45,16.9,15.02
"QB","Trevor Siemian (7545339)","Trevor Siemian",7545339,5200,"Atl@Den 04:05PM ET","Den","Trevor","Siemian","Atl",0,0,0
"QB","Paxton Lynch (7545340)","Paxton Lynch",7545340,5200,"Atl@Den 04:05PM ET","Den","Paxton","Lynch","Atl",14.67,15.9,14
"QB","Tyrod Taylor (7545348)","Tyrod Taylor",7545348,5200,"Buf@LA 04:25PM ET","Buf","Tyrod","Taylor","LA",17.17,17.2,15.4
"WR","Mike Wallace (7545511)","Mike Wallace",7545511,5100,"Was@Bal 01:00PM ET","Bal","Mike","Wallace","Was",10.13,10.6,12.08
"QB","Sam Bradford (7545325)","Sam Bradford",7545325,5100,"Hou@Min 01:00PM ET","Min","Sam","Bradford","Hou",15.62,12.3,14.15
"QB","Ryan Fitzpatrick (7545329)","Ryan Fitzpatrick",7545329,5100,"NYJ@Pit 01:00PM ET","NYJ","Ryan","Fitzpatrick","Pit",16.62,21,16.01
"QB","Josh McCown (7545301)","Josh McCown",7545301,5000,"NE@Cle 01:00PM ET","Cle","Josh","McCown","NE",0,0,0
"QB","Charlie Whitehurst (7545302)","Charlie Whitehurst",7545302,5000,"NE@Cle 01:00PM ET","Cle","Charlie","Whitehurst","NE",0,0,0
"QB","Cody Kessler (7545304)","Cody Kessler",7545304,5000,"NE@Cle 01:00PM ET","Cle","Cody","Kessler","NE",11.63,14.5,11.61
"QB","Jacoby Brissett (7545305)","Jacoby Brissett",7545305,5000,"NE@Cle 01:00PM ET","NE","Jacoby","Brissett","Cle",0,0,0
"QB","Dan Orlovsky (7545306)","Dan Orlovsky",7545306,5000,"Phi@Det 01:00PM ET","Det","Dan","Orlovsky","Phi",0,0,0
"QB","Chase Daniel (7545307)","Chase Daniel",7545307,5000,"Phi@Det 01:00PM ET","Phi","Chase","Daniel","Det",0,0,0
"QB","Scott Tolzien (7545312)","Scott Tolzien",7545312,5000,"Chi@Ind 01:00PM ET","Ind","Scott","Tolzien","Chi",0,0,0
"QB","Matt Barkley (7545314)","Matt Barkley",7545314,5000,"Chi@Ind 01:00PM ET","Chi","Matt","Barkley","Ind",0,0,0
"QB","Matt Cassel (7545315)","Matt Cassel",7545315,5000,"Ten@Mia 01:00PM ET","Ten","Matt","Cassel","Mia",0,0,0
"QB","Matt Moore (7545316)","Matt Moore",7545316,5000,"Ten@Mia 01:00PM ET","Mia","Matt","Moore","Ten",0,0,0
"WR","DeVante Parker (7545504)","DeVante Parker",7545504,5000,"Ten@Mia 01:00PM ET","Mia","DeVante","Parker","Ten",12.35,12.9,12.65
"QB","Colt McCoy (7545320)","Colt McCoy",7545320,5000,"Was@Bal 01:00PM ET","Was","Colt","McCoy","Bal",0,0,0
"QB","Ryan Mallett (7545321)","Ryan Mallett",7545321,5000,"Was@Bal 01:00PM ET","Bal","Ryan","Mallett","Was",0,0,0
"QB","Nate Sudfeld (7545323)","Nate Sudfeld",7545323,5000,"Was@Bal 01:00PM ET","Was","Nate","Sudfeld","Bal",0,0,0
"QB","Shaun Hill (7545324)","Shaun Hill",7545324,5000,"Hou@Min 01:00PM ET","Min","Shaun","Hill","Hou",0,0,0
"QB","Brandon Weeden (7545326)","Brandon Weeden",7545326,5000,"Hou@Min 01:00PM ET","Hou","Brandon","Weeden","Min",0,0,0
"QB","Tom Savage (7545328)","Tom Savage",7545328,5000,"Hou@Min 01:00PM ET","Hou","Tom","Savage","Min",0,0,0
"QB","Landry Jones (7545331)","Landry Jones",7545331,5000,"NYJ@Pit 01:00PM ET","Pit","Landry","Jones","NYJ",0,0,0
"QB","Zach Mettenberger (7545332)","Zach Mettenberger",7545332,5000,"NYJ@Pit 01:00PM ET","Pit","Zach","Mettenberger","NYJ",0,0,0
"QB","Bryce Petty (7545333)","Bryce Petty",7545333,5000,"NYJ@Pit 01:00PM ET","NYJ","Bryce","Petty","Pit",0,0,0
"QB","Geno Smith (7545334)","Geno Smith",7545334,5000,"NYJ@Pit 01:00PM ET","NYJ","Geno","Smith","Pit",0,0,0
"QB","Christian Hackenberg (7545335)","Christian Hackenberg",7545335,5000,"NYJ@Pit 01:00PM ET","NYJ","Christian","Hackenberg","Pit",0,0,0
"QB","Matt Schaub (7545337)","Matt Schaub",7545337,5000,"Atl@Den 04:05PM ET","Atl","Matt","Schaub","Den",0,0,0
"QB","Austin Davis (7545338)","Austin Davis",7545338,5000,"Atl@Den 04:05PM ET","Den","Austin","Davis","Atl",0,0,0
"RB","Devonta Freeman (7545425)","Devonta Freeman",7545425,5000,"Atl@Den 04:05PM ET","Atl","Devonta","Freeman","Den",11.88,12.6,13.39
"QB","Mark Sanchez (7545342)","Mark Sanchez",7545342,5000,"Cin@Dal 04:25PM ET","Dal","Mark","Sanchez","Cin",0,1.5,0
"QB","AJ McCarron (7545344)","AJ McCarron",7545344,5000,"Cin@Dal 04:25PM ET","Cin","AJ","McCarron","Dal",0,0,0
"QB","Jeff Driskel (7545346)","Jeff Driskel",7545346,5000,"Cin@Dal 04:25PM ET","Cin","Jeff","Driskel","Dal",0,0,0
"QB","Case Keenum (7545347)","Case Keenum",7545347,5000,"Buf@LA 04:25PM ET","LA","Case","Keenum","Buf",12.13,12.8,10.83
"QB","EJ Manuel (7545349)","EJ Manuel",7545349,5000,"Buf@LA 04:25PM ET","Buf","EJ","Manuel","LA",0,0,0
"QB","Sean Mannion (7545350)","Sean Mannion",7545350,5000,"Buf@LA 04:25PM ET","LA","Sean","Mannion","Buf",0,0,0
"QB","Cardale Jones (7545351)","Cardale Jones",7545351,5000,"Buf@LA 04:25PM ET","Buf","Cardale","Jones","LA",0,0,0
"QB","Jared Goff (7545352)","Jared Goff",7545352,5000,"Buf@LA 04:25PM ET","LA","Jared","Goff","Buf",0,0,0
"QB","Kellen Clemens (7545353)","Kellen Clemens",7545353,5000,"SD@Oak 04:25PM ET","SD","Kellen","Clemens","Oak",0,0,0
"QB","Matt McGloin (7545355)","Matt McGloin",7545355,5000,"SD@Oak 04:25PM ET","Oak","Matt","McGloin","SD",0,0,0
"QB","Connor Cook (7545357)","Connor Cook",7545357,5000,"SD@Oak 04:25PM ET","Oak","Connor","Cook","SD",0,0,0
"QB","Josh Johnson (7545360)","Josh Johnson",7545360,5000,"NYG@GB 08:30PM ET","NYG","Josh","Johnson","GB",0,0,0
"QB","Ryan Nassib (7545361)","Ryan Nassib",7545361,5000,"NYG@GB 08:30PM ET","NYG","Ryan","Nassib","GB",0,0,0
"QB","Brett Hundley (7545362)","Brett Hundley",7545362,5000,"NYG@GB 08:30PM ET","GB","Brett","Hundley","NYG",0,0,0
"QB","Joe Callahan (7545363)","Joe Callahan",7545363,5000,"NYG@GB 08:30PM ET","GB","Joe","Callahan","NYG",0,0,0
"RB","Theo Riddick (7545376)","Theo Riddick",7545376,4900,"Phi@Det 01:00PM ET","Det","Theo","Riddick","Phi",12.69,14.4,12.79
"WR","Golden Tate (7545477)","Golden Tate",7545477,4900,"Phi@Det 01:00PM ET","Det","Golden","Tate","Phi",9.39,12.8,10.22
"RB","Isaiah Crowell (7545369)","Isaiah Crowell",7545369,4800,"NE@Cle 01:00PM ET","Cle","Isaiah","Crowell","NE",13.14,9.8,11.25
"WR","Phillip Dorsett (7545493)","Phillip Dorsett",7545493,4800,"Chi@Ind 01:00PM ET","Ind","Phillip","Dorsett","Chi",9.29,14.7,12.27
"RB","Terrance West (7545402)","Terrance West",7545402,4800,"Was@Bal 01:00PM ET","Bal","Terrance","West","Was",12.51,12.2,12.24
"WR","Mohamed Sanu (7545549)","Mohamed Sanu",7545549,4800,"Atl@Den 04:05PM ET","Atl","Mohamed","Sanu","Den",9.08,9.9,8.43
"RB","Arian Foster (7545390)","Arian Foster",7545390,4700,"Ten@Mia 01:00PM ET","Mia","Arian","Foster","Ten",0,0,0
"TE","Delanie Walker (7545624)","Delanie Walker",7545624,4700,"Ten@Mia 01:00PM ET","Ten","Delanie","Walker","Mia",13.93,11.6,11.81
"WR","Tyrell Williams (7545584)","Tyrell Williams",7545584,4700,"SD@Oak 04:25PM ET","SD","Tyrell","Williams","Oak",12.31,11.2,11.4
"WR","Corey Coleman (7545473)","Corey Coleman",7545473,4600,"NE@Cle 01:00PM ET","Cle","Corey","Coleman","NE",0,0,0
"RB","Ryan Mathews (7545374)","Ryan Mathews",7545374,4600,"Phi@Det 01:00PM ET","Phi","Ryan","Mathews","Det",11.49,10.9,9.35
"WR","Jamison Crowder (7545517)","Jamison Crowder",7545517,4600,"Was@Bal 01:00PM ET","Was","Jamison","Crowder","Bal",10.8,9.9,9.93
"WR","Quincy Enunwa (7545537)","Quincy Enunwa",7545537,4600,"NYJ@Pit 01:00PM ET","NYJ","Quincy","Enunwa","Pit",14.36,12.7,12.92
"RB","Matt Jones (7545406)","Matt Jones",7545406,4500,"Was@Bal 01:00PM ET","Was","Matt","Jones","Bal",11.85,9.5,10.8
"RB","Rashad Jennings (7545457)","Rashad Jennings",7545457,4500,"NYG@GB 08:30PM ET","NYG","Rashad","Jennings","GB",0,11.4,0
"WR","Victor Cruz (7545589)","Victor Cruz",7545589,4500,"NYG@GB 08:30PM ET","NYG","Victor","Cruz","GB",9.78,8.3,10.26
"WR","Tajae Sharpe (7545507)","Tajae Sharpe",7545507,4400,"Ten@Mia 01:00PM ET","Ten","Tajae","Sharpe","Mia",10.75,10.4,10.67
"RB","Giovani Bernard (7545433)","Giovani Bernard",7545433,4400,"Cin@Dal 04:25PM ET","Cin","Giovani","Bernard","Dal",11.1,11.6,11.59
"TE","Jason Witten (7545660)","Jason Witten",7545660,4400,"Cin@Dal 04:25PM ET","Dal","Jason","Witten","Cin",10.25,11.2,9.33
"RB","Darren Sproles (7545373)","Darren Sproles",7545373,4300,"Phi@Det 01:00PM ET","Phi","Darren","Sproles","Det",9.76,10,8.64
"RB","Jeremy Langford (7545385)","Jeremy Langford",7545385,4300,"Chi@Ind 01:00PM ET","Chi","Jeremy","Langford","Ind",0,0,0
"WR","Cole Beasley (7545560)","Cole Beasley",7545560,4300,"Cin@Dal 04:25PM ET","Dal","Cole","Beasley","Cin",12.1,10.5,11.96
"WR","Eddie Royal (7545485)","Eddie Royal",7545485,4200,"Chi@Ind 01:00PM ET","Chi","Eddie","Royal","Ind",11.82,12.5,10.72
"RB","Jeremy Hill (7545436)","Jeremy Hill",7545436,4200,"Cin@Dal 04:25PM ET","Cin","Jeremy","Hill","Dal",11.56,11.4,11.68
"TE","Tyler Eifert (7545664)","Tyler Eifert",7545664,4200,"Cin@Dal 04:25PM ET","Cin","Tyler","Eifert","Dal",0,0,0
"RB","Latavius Murray (7545450)","Latavius Murray",7545450,4200,"SD@Oak 04:25PM ET","Oak","Latavius","Murray","SD",0,0,0
"RB","Duke Johnson Jr. (7545372)","Duke Johnson Jr.",7545372,4100,"NE@Cle 01:00PM ET","Cle","Duke","Johnson","NE",10.69,10.3,9.69
"WR","Chris Hogan (7545469)","Chris Hogan",7545469,4100,"NE@Cle 01:00PM ET","NE","Chris","Hogan","Cle",9.51,7.5,8.59
"TE","Dennis Pitta (7545632)","Dennis Pitta",7545632,4100,"Was@Bal 01:00PM ET","Bal","Dennis","Pitta","Was",12.5,11.3,11.58
"RB","Tevin Coleman (7545428)","Tevin Coleman",7545428,4100,"Atl@Den 04:05PM ET","Atl","Tevin","Coleman","Den",9.23,10.1,7.72
"WR","Dontrelle Inman (7545580)","Dontrelle Inman",7545580,4100,"SD@Oak 04:25PM ET","SD","Dontrelle","Inman","Oak",10.7,9.3,10.14
"WR","Anquan Boldin (7545475)","Anquan Boldin",7545475,4000,"Phi@Det 01:00PM ET","Det","Anquan","Boldin","Phi",11.9,10.8,9.92
"RB","Jerick McKinnon (7545414)","Jerick McKinnon",7545414,4000,"Hou@Min 01:00PM ET","Min","Jerick","McKinnon","Hou",13.18,12.6,13.06
"RB","Bilal Powell (7545418)","Bilal Powell",7545418,4000,"NYJ@Pit 01:00PM ET","NYJ","Bilal","Powell","Pit",9.16,8.7,6.77
"TE","Antonio Gates (7545675)","Antonio Gates",7545675,4000,"SD@Oak 04:25PM ET","SD","Antonio","Gates","Oak",9.42,12.5,3.81
"RB","James White (7545368)","James White",7545368,3900,"NE@Cle 01:00PM ET","NE","James","White","Cle",7.74,11.7,9.05
"WR","Danny Amendola (7545465)","Danny Amendola",7545465,3900,"NE@Cle 01:00PM ET","NE","Danny","Amendola","Cle",8.18,6.5,5.73
"WR","Pierre Garcon (7545512)","Pierre Garcon",7545512,3900,"Was@Bal 01:00PM ET","Was","Pierre","Garcon","Bal",10.1,10.8,9.31
"WR","Markus Wheaton (7545536)","Markus Wheaton",7545536,3900,"NYJ@Pit 01:00PM ET","Pit","Markus","Wheaton","NYJ",6.56,7.8,8.29
"WR","Robert Woods (7545574)","Robert Woods",7545574,3900,"Buf@LA 04:25PM ET","Buf","Robert","Woods","LA",12.28,10.5,10.28
"WR","Davante Adams (7545596)","Davante Adams",7545596,3900,"NYG@GB 08:30PM ET","GB","Davante","Adams","NYG",10.6,8.9,8.43
"RB","Dwayne Washington (7545379)","Dwayne Washington",7545379,3800,"Phi@Det 01:00PM ET","Det","Dwayne","Washington","Phi",0,0,0
"WR","Kevin White (7545496)","Kevin White",7545496,3800,"Chi@Ind 01:00PM ET","Chi","Kevin","White","Ind",0,0,0
"WR","Terrance Williams (7545559)","Terrance Williams",7545559,3800,"Cin@Dal 04:25PM ET","Dal","Terrance","Williams","Cin",8.62,7.8,7.27
"TE","Martellus Bennett (7545603)","Martellus Bennett",7545603,3700,"NE@Cle 01:00PM ET","NE","Martellus","Bennett","Cle",8.47,10.6,9.8
"WR","Kenny Britt (7545568)","Kenny Britt",7545568,3700,"Buf@LA 04:25PM ET","LA","Kenny","Britt","Buf",10.51,8.1,9.03
"WR","Tavon Austin (7545571)","Tavon Austin",7545571,3700,"Buf@LA 04:25PM ET","LA","Tavon","Austin","Buf",10.24,12.5,9.98
"RB","Orleans Darkwa (7545461)","Orleans Darkwa",7545461,3700,"NYG@GB 08:30PM ET","NYG","Orleans","Darkwa","GB",7.01,6.3,5.35
"TE","Zach Miller (7545616)","Zach Miller",7545616,3600,"Chi@Ind 01:00PM ET","Chi","Zach","Miller","Ind",11.45,8.3,10.77
"WR","Kenny Stills (7545501)","Kenny Stills",7545501,3600,"Ten@Mia 01:00PM ET","Mia","Kenny","Stills","Ten",9,8.8,10.13
"RB","Kenneth Dixon (7545405)","Kenneth Dixon",7545405,3600,"Was@Bal 01:00PM ET","Bal","Kenneth","Dixon","Was",7.3,8,7.49
"TE","Kyle Rudolph (7545641)","Kyle Rudolph",7545641,3600,"Hou@Min 01:00PM ET","Min","Kyle","Rudolph","Hou",13.17,9.5,12
"WR","Sammie Coates (7545538)","Sammie Coates",7545538,3600,"NYJ@Pit 01:00PM ET","Pit","Sammie","Coates","NYJ",9.43,8.9,9.39
"RB","Alfred Morris (7545430)","Alfred Morris",7545430,3600,"Cin@Dal 04:25PM ET","Dal","Alfred","Morris","Cin",3.87,3.8,4.4
"WR","Nelson Agholor (7545484)","Nelson Agholor",7545484,3500,"Phi@Det 01:00PM ET","Phi","Nelson","Agholor","Det",8.77,8.2,7.6
"TE","Zach Ertz (7545610)","Zach Ertz",7545610,3500,"Phi@Det 01:00PM ET","Phi","Zach","Ertz","Det",13.34,11.5,10.15
"RB","Jay Ajayi (7545395)","Jay Ajayi",7545395,3500,"Ten@Mia 01:00PM ET","Mia","Jay","Ajayi","Ten",8.37,9.5,5.8
"RB","Justin Forsett (7545399)","Justin Forsett",7545399,3500,"Was@Bal 01:00PM ET","Bal","Justin","Forsett","Was",0,0,0
"RB","Matt Asiata (7545407)","Matt Asiata",7545407,3500,"Hou@Min 01:00PM ET","Min","Matt","Asiata","Hou",6.51,7.9,7.73
"WR","Brice Butler (7545558)","Brice Butler",7545558,3500,"Cin@Dal 04:25PM ET","Dal","Brice","Butler","Cin",6.71,12.8,4.73
"RB","Wendell Smallwood (7545380)","Wendell Smallwood",7545380,3400,"Phi@Det 01:00PM ET","Phi","Wendell","Smallwood","Det",4.17,4.2,5.66
"TE","Eric Ebron (7545613)","Eric Ebron",7545613,3400,"Phi@Det 01:00PM ET","Det","Eric","Ebron","Phi",0,0,0
"RB","Derrick Henry (7545398)","Derrick Henry",7545398,3400,"Ten@Mia 01:00PM ET","Ten","Derrick","Henry","Mia",4.53,7,5.97
"RB","Dexter McCluster (7545448)","Dexter McCluster",7545448,3400,"SD@Oak 04:25PM ET","SD","Dexter","McCluster","Oak",3.9,3.7,6.06
"RB","DeAndre Washington (7545452)","DeAndre Washington",7545452,3400,"SD@Oak 04:25PM ET","Oak","DeAndre","Washington","SD",11.02,13.4,9.41
"WR","Seth Roberts (7545586)","Seth Roberts",7545586,3400,"SD@Oak 04:25PM ET","Oak","Seth","Roberts","SD",7.46,7,7.46
"RB","James Starks (7545458)","James Starks",7545458,3400,"NYG@GB 08:30PM ET","GB","James","Starks","NYG",6.1,6.4,6.24
"WR","Rishard Matthews (7545502)","Rishard Matthews",7545502,3300,"Ten@Mia 01:00PM ET","Ten","Rishard","Matthews","Mia",7.97,6.3,8.3
"RB","Chris Thompson (7545401)","Chris Thompson",7545401,3300,"Was@Bal 01:00PM ET","Was","Chris","Thompson","Bal",8.21,7.2,7.35
"WR","Eli Rogers (7545540)","Eli Rogers",7545540,3300,"NYJ@Pit 01:00PM ET","Pit","Eli","Rogers","NYJ",0,0,0
"RB","Jalen Richard (7545456)","Jalen Richard",7545456,3300,"SD@Oak 04:25PM ET","Oak","Jalen","Richard","SD",8.19,10.3,7.35
"TE","Hunter Henry (7545681)","Hunter Henry",7545681,3300,"SD@Oak 04:25PM ET","SD","Hunter","Henry","Oak",9.58,3.5,10.14
"RB","Bobby Rainey (7545459)","Bobby Rainey",7545459,3300,"NYG@GB 08:30PM ET","NYG","Bobby","Rainey","GB",9.85,7.1,3.17
"RB","Paul Perkins (7545463)","Paul Perkins",7545463,3300,"NYG@GB 08:30PM ET","NYG","Paul","Perkins","GB",0,1.6,0
"TE","Gary Barnidge (7545601)","Gary Barnidge",7545601,3200,"NE@Cle 01:00PM ET","Cle","Gary","Barnidge","NE",10.85,9.4,10.8
"WR","Dorial Green-Beckham (7545482)","Dorial Green-Beckham",7545482,3200,"Phi@Det 01:00PM ET","Phi","Dorial","Green-Beckham","Det",7.94,5.7,7.32
"RB","Joique Bell (7545384)","Joique Bell",7545384,3200,"Chi@Ind 01:00PM ET","Chi","Joique","Bell","Ind",3.74,1.8,0
"RB","Kenyan Drake (7545397)","Kenyan Drake",7545397,3200,"Ten@Mia 01:00PM ET","Mia","Kenyan","Drake","Ten",5.38,3.3,5.39
"WR","Andre Johnson (7545497)","Andre Johnson",7545497,3200,"Ten@Mia 01:00PM ET","Ten","Andre","Johnson","Mia",8.8,7,4.69
"WR","Brandon LaFell (7545555)","Brandon LaFell",7545555,3200,"Cin@Dal 04:25PM ET","Cin","Brandon","LaFell","Dal",9.21,8.3,8.22
"RB","Benny Cunningham (7545443)","Benny Cunningham",7545443,3200,"Buf@LA 04:25PM ET","LA","Benny","Cunningham","Buf",4.29,4.5,0
"WR","Brian Quick (7545569)","Brian Quick",7545569,3200,"Buf@LA 04:25PM ET","LA","Brian","Quick","Buf",8.13,7.2,5.63
"RB","Ka'Deem Carey (7545386)","Ka'Deem Carey",7545386,3100,"Chi@Ind 01:00PM ET","Chi","Ka'Deem","Carey","Ind",2.71,4,4.16
"TE","Dwayne Allen (7545619)","Dwayne Allen",7545619,3100,"Chi@Ind 01:00PM ET","Ind","Dwayne","Allen","Chi",7.11,8.1,9.84
"RB","Alfred Blue (7545412)","Alfred Blue",7545412,3100,"Hou@Min 01:00PM ET","Hou","Alfred","Blue","Min",2.25,3.7,0
"WR","Jaelen Strong (7545527)","Jaelen Strong",7545527,3100,"Hou@Min 01:00PM ET","Hou","Jaelen","Strong","Min",4.48,3.8,4.26
"WR","Adam Thielen (7545528)","Adam Thielen",7545528,3100,"Hou@Min 01:00PM ET","Min","Adam","Thielen","Hou",8.55,11.5,6.99
"WR","Robby Anderson (7545541)","Robby Anderson",7545541,3100,"NYJ@Pit 01:00PM ET","NYJ","Robby","Anderson","Pit",4.89,9,6.1
"WR","Jalin Marshall (7545542)","Jalin Marshall",7545542,3100,"NYJ@Pit 01:00PM ET","NYJ","Jalin","Marshall","Pit",0,2.2,0
"WR","Tyler Boyd (7545565)","Tyler Boyd",7545565,3100,"Cin@Dal 04:25PM ET","Cin","Tyler","Boyd","Dal",6.52,7.1,6.17
"RB","James Develin (7545364)","James Develin",7545364,3000,"NE@Cle 01:00PM ET","NE","James","Develin","Cle",0,0,0
"RB","Brandon Bolden (7545366)","Brandon Bolden",7545366,3000,"NE@Cle 01:00PM ET","NE","Brandon","Bolden","Cle",0,0,0
"RB","Malcolm Johnson (7545367)","Malcolm Johnson",7545367,3000,"NE@Cle 01:00PM ET","Cle","Malcolm","Johnson","NE",0,0,0
"RB","George Atkinson III (7545370)","George Atkinson III",7545370,3000,"NE@Cle 01:00PM ET","Cle","George","Atkinson III","NE",0,0,0
"RB","D.J. Foster (7545371)","D.J. Foster",7545371,3000,"NE@Cle 01:00PM ET","NE","D.J.","Foster","Cle",0,1.9,0
"WR","Matthew Slater (7545464)","Matthew Slater",7545464,3000,"NE@Cle 01:00PM ET","NE","Matthew","Slater","Cle",0,0,0
"WR","Andrew Hawkins (7545466)","Andrew Hawkins",7545466,3000,"NE@Cle 01:00PM ET","Cle","Andrew","Hawkins","NE",6.31,9.2,7.79
"WR","Malcolm Mitchell (7545470)","Malcolm Mitchell",7545470,3000,"NE@Cle 01:00PM ET","NE","Malcolm","Mitchell","Cle",4.14,2.3,4.08
"WR","Jordan Payton (7545471)","Jordan Payton",7545471,3000,"NE@Cle 01:00PM ET","Cle","Jordan","Payton","NE",0,0,0
"WR","Ricardo Louis (7545472)","Ricardo Louis",7545472,3000,"NE@Cle 01:00PM ET","Cle","Ricardo","Louis","NE",6.87,6.8,5.48
"WR","Rashard Higgins (7545474)","Rashard Higgins",7545474,3000,"NE@Cle 01:00PM ET","Cle","Rashard","Higgins","NE",0,4,0
"RB","Kenjon Barner (7545375)","Kenjon Barner",7545375,3000,"Phi@Det 01:00PM ET","Phi","Kenjon","Barner","Det",3.15,1.2,0
"RB","Michael Burton (7545377)","Michael Burton",7545377,3000,"Phi@Det 01:00PM ET","Det","Michael","Burton","Phi",0,0,0
"RB","Zach Zenner (7545378)","Zach Zenner",7545378,3000,"Phi@Det 01:00PM ET","Det","Zach","Zenner","Phi",5.59,5.5,0
"WR","Andre Roberts (7545476)","Andre Roberts",7545476,3000,"Phi@Det 01:00PM ET","Det","Andre","Roberts","Phi",2.75,1.1,0
"WR","Aaron Dobson (7545479)","Aaron Dobson",7545479,3000,"Phi@Det 01:00PM ET","Det","Aaron","Dobson","Phi",0,0,0
"WR","Josh Huff (7545481)","Josh Huff",7545481,3000,"Phi@Det 01:00PM ET","Phi","Josh","Huff","Det",5.12,2.4,2.73
"WR","Bryce Treggs (7545483)","Bryce Treggs",7545483,3000,"Phi@Det 01:00PM ET","Phi","Bryce","Treggs","Det",0,0,0
"RB","Robert Turbin (7545382)","Robert Turbin",7545382,3000,"Chi@Ind 01:00PM ET","Ind","Robert","Turbin","Chi",3.43,2.7,3.75
"RB","Jordan Todman (7545383)","Jordan Todman",7545383,3000,"Chi@Ind 01:00PM ET","Ind","Jordan","Todman","Chi",0,0,0
"RB","Josh Ferguson (7545387)","Josh Ferguson",7545387,3000,"Chi@Ind 01:00PM ET","Ind","Josh","Ferguson","Chi",7.14,4.8,5.64
"RB","Raheem Mostert (7545388)","Raheem Mostert",7545388,3000,"Chi@Ind 01:00PM ET","Chi","Raheem","Mostert","Ind",0,0,0
"WR","Deonte Thompson (7545486)","Deonte Thompson",7545486,3000,"Chi@Ind 01:00PM ET","Chi","Deonte","Thompson","Ind",2.27,1.9,0
"WR","Devin Street (7545489)","Devin Street",7545489,3000,"Chi@Ind 01:00PM ET","Ind","Devin","Street","Chi",0,0,0
"WR","Joshua Bellamy (7545490)","Joshua Bellamy",7545490,3000,"Chi@Ind 01:00PM ET","Chi","Joshua","Bellamy","Ind",0,0,0
"WR","Cameron Meredith (7545491)","Cameron Meredith",7545491,3000,"Chi@Ind 01:00PM ET","Chi","Cameron","Meredith","Ind",11.03,5.8,4.21
"WR","Quan Bray (7545492)","Quan Bray",7545492,3000,"Chi@Ind 01:00PM ET","Ind","Quan","Bray","Chi",0,2.9,2.99
"WR","Chester Rogers (7545495)","Chester Rogers",7545495,3000,"Chi@Ind 01:00PM ET","Ind","Chester","Rogers","Chi",5.22,6.7,0
"RB","Isaiah Pead (7545392)","Isaiah Pead",7545392,3000,"Ten@Mia 01:00PM ET","Mia","Isaiah","Pead","Ten",7,5.2,0
"RB","Jalston Fowler (7545393)","Jalston Fowler",7545393,3000,"Ten@Mia 01:00PM ET","Ten","Jalston","Fowler","Mia",0,0,0
"RB","Antonio Andrews (7545394)","Antonio Andrews",7545394,3000,"Ten@Mia 01:00PM ET","Ten","Antonio","Andrews","Mia",0,0,0
"RB","Damien Williams (7545396)","Damien Williams",7545396,3000,"Ten@Mia 01:00PM ET","Mia","Damien","Williams","Ten",2.01,0,0
"WR","Harry Douglas (7545498)","Harry Douglas",7545498,3000,"Ten@Mia 01:00PM ET","Ten","Harry","Douglas","Mia",0,0,0
"WR","Marc Mariani (7545499)","Marc Mariani",7545499,3000,"Ten@Mia 01:00PM ET","Ten","Marc","Mariani","Mia",0,0,0
"WR","Kendall Wright (7545500)","Kendall Wright",7545500,3000,"Ten@Mia 01:00PM ET","Ten","Kendall","Wright","Mia",8.85,6.4,5.82
"WR","Jakeem Grant (7545505)","Jakeem Grant",7545505,3000,"Ten@Mia 01:00PM ET","Mia","Jakeem","Grant","Ten",0,0,0
"WR","Leonte Carroo (7545506)","Leonte Carroo",7545506,3000,"Ten@Mia 01:00PM ET","Mia","Leonte","Carroo","Ten",0,2.8,0
"RB","Kyle Juszczyk (7545400)","Kyle Juszczyk",7545400,3000,"Was@Bal 01:00PM ET","Bal","Kyle","Juszczyk","Was",0,3.8,0
"RB","Javorius Allen (7545403)","Javorius Allen",7545403,3000,"Was@Bal 01:00PM ET","Bal","Javorius","Allen","Was",4.26,3.6,3.04
"RB","Rob Kelley (7545404)","Rob Kelley",7545404,3000,"Was@Bal 01:00PM ET","Was","Rob","Kelley","Bal",0,1.5,0
"WR","Devin Hester (7545509)","Devin Hester",7545509,3000,"Was@Bal 01:00PM ET","Bal","Devin","Hester","Was",0,0,0
"WR","Kamar Aiken (7545513)","Kamar Aiken",7545513,3000,"Was@Bal 01:00PM ET","Bal","Kamar","Aiken","Was",2.94,4.4,0
"WR","Ryan Grant (7545514)","Ryan Grant",7545514,3000,"Was@Bal 01:00PM ET","Was","Ryan","Grant","Bal",0,1.1,0
"WR","Josh Doctson (7545515)","Josh Doctson",7545515,3000,"Was@Bal 01:00PM ET","Was","Josh","Doctson","Bal",0,0,0
"WR","Rashad Ross (7545516)","Rashad Ross",7545516,3000,"Was@Bal 01:00PM ET","Was","Rashad","Ross","Bal",0,1.3,0
"WR","Chris Moore (7545518)","Chris Moore",7545518,3000,"Was@Bal 01:00PM ET","Bal","Chris","Moore","Was",0,1.1,3.06
"WR","Breshad Perriman (7545519)","Breshad Perriman",7545519,3000,"Was@Bal 01:00PM ET","Bal","Breshad","Perriman","Was",5.54,7.1,7.23
"RB","Zach Line (7545408)","Zach Line",7545408,3000,"Hou@Min 01:00PM ET","Min","Zach","Line","Hou",0,0,0
"RB","Jonathan Grimes (7545409)","Jonathan Grimes",7545409,3000,"Hou@Min 01:00PM ET","Hou","Jonathan","Grimes","Min",0,0,0
"RB","Ronnie Hillman (7545411)","Ronnie Hillman",7545411,3000,"Hou@Min 01:00PM ET","Min","Ronnie","Hillman","Hou",0,0,0
"RB","Jay Prosch (7545413)","Jay Prosch",7545413,3000,"Hou@Min 01:00PM ET","Hou","Jay","Prosch","Min",0,0,0
"RB","Tyler Ervin (7545415)","Tyler Ervin",7545415,3000,"Hou@Min 01:00PM ET","Hou","Tyler","Ervin","Min",0,1.1,0
"WR","Charles Johnson (7545520)","Charles Johnson",7545520,3000,"Hou@Min 01:00PM ET","Min","Charles","Johnson","Hou",9.86,8,5.47
"WR","Jarius Wright (7545521)","Jarius Wright",7545521,3000,"Hou@Min 01:00PM ET","Min","Jarius","Wright","Hou",4.08,0,0
"WR","Keith Mumphery (7545522)","Keith Mumphery",7545522,3000,"Hou@Min 01:00PM ET","Hou","Keith","Mumphery","Min",0,0,0
"WR","Braxton Miller (7545524)","Braxton Miller",7545524,3000,"Hou@Min 01:00PM ET","Hou","Braxton","Miller","Min",1.7,5.4,4.11
"WR","Cordarrelle Patterson (7545525)","Cordarrelle Patterson",7545525,3000,"Hou@Min 01:00PM ET","Min","Cordarrelle","Patterson","Hou",8.75,7.2,5.14
"WR","Laquon Treadwell (7545529)","Laquon Treadwell",7545529,3000,"Hou@Min 01:00PM ET","Min","Laquon","Treadwell","Hou",0,1.6,0
"RB","Fitzgerald Toussaint (7545419)","Fitzgerald Toussaint",7545419,3000,"NYJ@Pit 01:00PM ET","Pit","Fitzgerald","Toussaint","NYJ",0,0,0
"RB","Roosevelt Nix (7545421)","Roosevelt Nix",7545421,3000,"NYJ@Pit 01:00PM ET","Pit","Roosevelt","Nix","NYJ",0,0,0
"RB","Troymaine Pope (7545422)","Troymaine Pope",7545422,3000,"NYJ@Pit 01:00PM ET","NYJ","Troymaine","Pope","Pit",0,0,0
"WR","Darrius Heyward-Bey (7545532)","Darrius Heyward-Bey",7545532,3000,"NYJ@Pit 01:00PM ET","Pit","Darrius","Heyward-Bey","NYJ",4.85,2.1,0
"WR","Jeremy Ross (7545534)","Jeremy Ross",7545534,3000,"NYJ@Pit 01:00PM ET","NYJ","Jeremy","Ross","Pit",0,0,0
"WR","Charone Peake (7545539)","Charone Peake",7545539,3000,"NYJ@Pit 01:00PM ET","NYJ","Charone","Peake","Pit",0,3.3,4.98
"RB","Patrick DiMarco (7545423)","Patrick DiMarco",7545423,3000,"Atl@Den 04:05PM ET","Atl","Patrick","DiMarco","Den",0,0,0
"RB","Kapri Bibbs (7545424)","Kapri Bibbs",7545424,3000,"Atl@Den 04:05PM ET","Den","Kapri","Bibbs","Atl",0,1.7,0
"RB","Andy Janovich (7545427)","Andy Janovich",7545427,3000,"Atl@Den 04:05PM ET","Den","Andy","Janovich","Atl",0,0,0
"RB","Devontae Booker (7545429)","Devontae Booker",7545429,3000,"Atl@Den 04:05PM ET","Den","Devontae","Booker","Atl",3.26,5,5.83
"WR","Eric Weems (7545543)","Eric Weems",7545543,3000,"Atl@Den 04:05PM ET","Atl","Eric","Weems","Den",0,0,0
"WR","Jordan Norwood (7545544)","Jordan Norwood",7545544,3000,"Atl@Den 04:05PM ET","Den","Jordan","Norwood","Atl",3.13,1.7,3.86
"WR","Aldrick Robinson (7545547)","Aldrick Robinson",7545547,3000,"Atl@Den 04:05PM ET","Atl","Aldrick","Robinson","Den",3.6,2.3,0
"WR","Bennie Fowler (7545550)","Bennie Fowler",7545550,3000,"Atl@Den 04:05PM ET","Den","Bennie","Fowler","Atl",1.82,1.8,0
"WR","Jordan Taylor (7545551)","Jordan Taylor",7545551,3000,"Atl@Den 04:05PM ET","Den","Jordan","Taylor","Atl",0,0,0
"WR","Justin Hardy (7545552)","Justin Hardy",7545552,3000,"Atl@Den 04:05PM ET","Atl","Justin","Hardy","Den",5.16,4.6,4.33
"WR","Cody Latimer (7545553)","Cody Latimer",7545553,3000,"Atl@Den 04:05PM ET","Den","Cody","Latimer","Atl",0,1.8,0
"WR","Taylor Gabriel (7545554)","Taylor Gabriel",7545554,3000,"Atl@Den 04:05PM ET","Atl","Taylor","Gabriel","Den",5.65,0,3.09
"TE","Jacob Tamme (7545653)","Jacob Tamme",7545653,3000,"Atl@Den 04:05PM ET","Atl","Jacob","Tamme","Den",8.72,9.9,7.79
"RB","Lance Dunbar (7545431)","Lance Dunbar",7545431,3000,"Cin@Dal 04:25PM ET","Dal","Lance","Dunbar","Cin",0,0,0
"RB","Rex Burkhead (7545432)","Rex Burkhead",7545432,3000,"Cin@Dal 04:25PM ET","Cin","Rex","Burkhead","Dal",0,0,0
"RB","Rod Smith (7545434)","Rod Smith",7545434,3000,"Cin@Dal 04:25PM ET","Dal","Rod","Smith","Cin",0,0,0
"RB","Keith Smith (7545435)","Keith Smith",7545435,3000,"Cin@Dal 04:25PM ET","Dal","Keith","Smith","Cin",0,0,0
"RB","Darius Jackson (7545437)","Darius Jackson",7545437,3000,"Cin@Dal 04:25PM ET","Dal","Darius","Jackson","Cin",0,0,0
"WR","James Wright (7545561)","James Wright",7545561,3000,"Cin@Dal 04:25PM ET","Cin","James","Wright","Dal",1.84,0,0
"WR","Alex Erickson (7545562)","Alex Erickson",7545562,3000,"Cin@Dal 04:25PM ET","Cin","Alex","Erickson","Dal",0,0,0
"WR","Cody Core (7545563)","Cody Core",7545563,3000,"Cin@Dal 04:25PM ET","Cin","Cody","Core","Dal",0,0,0
"WR","Lucky Whitehead (7545564)","Lucky Whitehead",7545564,3000,"Cin@Dal 04:25PM ET","Dal","Lucky","Whitehead","Cin",0,3.8,0
"RB","Reggie Bush (7545439)","Reggie Bush",7545439,3000,"Buf@LA 04:25PM ET","Buf","Reggie","Bush","LA",0,0,0
"RB","Jerome Felton (7545440)","Jerome Felton",7545440,3000,"Buf@LA 04:25PM ET","Buf","Jerome","Felton","LA",0,0,0
"RB","Chase Reynolds (7545441)","Chase Reynolds",7545441,3000,"Buf@LA 04:25PM ET","LA","Chase","Reynolds","Buf",0,0,0
"RB","Mike Gillislee (7545444)","Mike Gillislee",7545444,3000,"Buf@LA 04:25PM ET","Buf","Mike","Gillislee","LA",4.3,3,3.86
"RB","Malcolm Brown (7545445)","Malcolm Brown",7545445,3000,"Buf@LA 04:25PM ET","LA","Malcolm","Brown","Buf",0,1.5,0
"RB","Jonathan Williams (7545446)","Jonathan Williams",7545446,3000,"Buf@LA 04:25PM ET","Buf","Jonathan","Williams","LA",0,1.3,0
"WR","Brandon Tate (7545566)","Brandon Tate",7545566,3000,"Buf@LA 04:25PM ET","Buf","Brandon","Tate","LA",0,3.4,0
"WR","Greg Salas (7545567)","Greg Salas",7545567,3000,"Buf@LA 04:25PM ET","Buf","Greg","Salas","LA",0,0,7.53
"WR","Marquise Goodwin (7545570)","Marquise Goodwin",7545570,3000,"Buf@LA 04:25PM ET","Buf","Marquise","Goodwin","LA",7.86,9.5,5.62
"WR","Justin Hunter (7545572)","Justin Hunter",7545572,3000,"Buf@LA 04:25PM ET","Buf","Justin","Hunter","LA",0,0,2.96
"WR","Walt Powell (7545573)","Walt Powell",7545573,3000,"Buf@LA 04:25PM ET","Buf","Walt","Powell","LA",0,5.7,4.57
"WR","Bradley Marquez (7545575)","Bradley Marquez",7545575,3000,"Buf@LA 04:25PM ET","LA","Bradley","Marquez","Buf",0,0,0
"WR","Nelson Spruce (7545576)","Nelson Spruce",7545576,3000,"Buf@LA 04:25PM ET","LA","Nelson","Spruce","Buf",0,0,0
"WR","Pharoh Cooper (7545577)","Pharoh Cooper",7545577,3000,"Buf@LA 04:25PM ET","LA","Pharoh","Cooper","Buf",0,4.3,4.84
"WR","Mike Thomas (7545578)","Mike Thomas",7545578,3000,"Buf@LA 04:25PM ET","LA","Mike","Thomas","Buf",0,0,0
"RB","Taiwan Jones (7545449)","Taiwan Jones",7545449,3000,"SD@Oak 04:25PM ET","Oak","Taiwan","Jones","SD",0,0,0
"RB","Jamize Olawale (7545451)","Jamize Olawale",7545451,3000,"SD@Oak 04:25PM ET","Oak","Jamize","Olawale","SD",0,2.1,0
"RB","Derek Watt (7545454)","Derek Watt",7545454,3000,"SD@Oak 04:25PM ET","SD","Derek","Watt","Oak",0,0,0
"RB","Kenneth Farrow (7545455)","Kenneth Farrow",7545455,3000,"SD@Oak 04:25PM ET","SD","Kenneth","Farrow","Oak",0,2.6,0
"WR","Griff Whalen (7545581)","Griff Whalen",7545581,3000,"SD@Oak 04:25PM ET","SD","Griff","Whalen","Oak",0,3.4,0
"WR","Andre Holmes (7545583)","Andre Holmes",7545583,3000,"SD@Oak 04:25PM ET","Oak","Andre","Holmes","SD",3.21,4,3.6
"WR","Johnny Holton (7545587)","Johnny Holton",7545587,3000,"SD@Oak 04:25PM ET","Oak","Johnny","Holton","SD",0,1.5,0
"RB","Aaron Ripkowski (7545462)","Aaron Ripkowski",7545462,3000,"NYG@GB 08:30PM ET","GB","Aaron","Ripkowski","NYG",0,0,0
"WR","Dwayne Harris (7545590)","Dwayne Harris",7545590,3000,"NYG@GB 08:30PM ET","NYG","Dwayne","Harris","GB",3.18,1.5,0
"WR","Tavarres King (7545591)","Tavarres King",7545591,3000,"NYG@GB 08:30PM ET","NYG","Tavarres","King","GB",0,0,0
"WR","Jared Abbrederis (7545593)","Jared Abbrederis",7545593,3000,"NYG@GB 08:30PM ET","GB","Jared","Abbrederis","NYG",0,1.7,0
"WR","Ty Montgomery (7545595)","Ty Montgomery",7545595,3000,"NYG@GB 08:30PM ET","GB","Ty","Montgomery","NYG",2.38,0,0
"WR","Trevor Davis (7545597)","Trevor Davis",7545597,3000,"NYG@GB 08:30PM ET","GB","Trevor","Davis","NYG",0,0,0
"WR","Jeff Janis (7545599)","Jeff Janis",7545599,3000,"NYG@GB 08:30PM ET","GB","Jeff","Janis","NYG",0,0,0
"WR","Roger Lewis (7545600)","Roger Lewis",7545600,3000,"NYG@GB 08:30PM ET","NYG","Roger","Lewis","GB",0,0,0
"TE","Jordan Cameron (7545625)","Jordan Cameron",7545625,2900,"Ten@Mia 01:00PM ET","Mia","Jordan","Cameron","Ten",0,0,0
"TE","Jesse James (7545651)","Jesse James",7545651,2900,"NYJ@Pit 01:00PM ET","Pit","Jesse","James","NYJ",8.79,8.7,8
"TE","Richard Rodgers (7545686)","Richard Rodgers",7545686,2900,"NYG@GB 08:30PM ET","GB","Richard","Rodgers","NYG",9.69,11.1,7.84
"TE","Virgil Green (7545654)","Virgil Green",7545654,2800,"Atl@Den 04:05PM ET","Den","Virgil","Green","Atl",7.22,8.5,0
"TE","Brent Celek (7545609)","Brent Celek",7545609,2700,"Phi@Det 01:00PM ET","Phi","Brent","Celek","Det",3.96,2.7,0
"TE","Trey Burton (7545612)","Trey Burton",7545612,2700,"Phi@Det 01:00PM ET","Phi","Trey","Burton","Det",5.34,2.8,3.78
"TE","Lance Kendricks (7545669)","Lance Kendricks",7545669,2700,"Buf@LA 04:25PM ET","LA","Lance","Kendricks","Buf",5.4,6.4,5.74
"TE","Charles Clay (7545670)","Charles Clay",7545670,2700,"Buf@LA 04:25PM ET","Buf","Charles","Clay","LA",8.75,7.4,8.28
"TE","Clive Walford (7545679)","Clive Walford",7545679,2700,"SD@Oak 04:25PM ET","Oak","Clive","Walford","SD",7.6,8.5,0
"TE","Jack Doyle (7545620)","Jack Doyle",7545620,2600,"Chi@Ind 01:00PM ET","Ind","Jack","Doyle","Chi",7.8,8.9,8.25
"TE","Larry Donnell (7545683)","Larry Donnell",7545683,2600,"NYG@GB 08:30PM ET","NYG","Larry","Donnell","GB",0,0,0
"TE","Will Tye (7545685)","Will Tye",7545685,2600,"NYG@GB 08:30PM ET","NYG","Will","Tye","GB",10.69,7.9,5.08
"TE","Clay Harbor (7545602)","Clay Harbor",7545602,2500,"NE@Cle 01:00PM ET","NE","Clay","Harbor","Cle",0,0,0
"TE","Greg Scruggs (7545605)","Greg Scruggs",7545605,2500,"NE@Cle 01:00PM ET","NE","Greg","Scruggs","Cle",0,0,0
"TE","A.J. Derby (7545606)","A.J. Derby",7545606,2500,"NE@Cle 01:00PM ET","NE","A.J.","Derby","Cle",0,0,0
"TE","Randall Telfer (7545607)","Randall Telfer",7545607,2500,"NE@Cle 01:00PM ET","Cle","Randall","Telfer","NE",0,0,0
"TE","Seth DeValve (7545608)","Seth DeValve",7545608,2500,"NE@Cle 01:00PM ET","Cle","Seth","DeValve","NE",0,0,0
"TE","Orson Charles (7545611)","Orson Charles",7545611,2500,"Phi@Det 01:00PM ET","Det","Orson","Charles","Phi",0,0,0
"TE","Cole Wick (7545614)","Cole Wick",7545614,2500,"Phi@Det 01:00PM ET","Det","Cole","Wick","Phi",3.7,6.2,0
"TE","Khari Lee (7545615)","Khari Lee",7545615,2500,"Phi@Det 01:00PM ET","Det","Khari","Lee","Phi",0,2.7,0
"TE","Logan Paulsen (7545617)","Logan Paulsen",7545617,2500,"Chi@Ind 01:00PM ET","Chi","Logan","Paulsen","Ind",0,1.1,0
"TE","Patrick Scales (7545618)","Patrick Scales",7545618,2500,"Chi@Ind 01:00PM ET","Chi","Patrick","Scales","Ind",0,0,0
"TE","Erik Swoope (7545621)","Erik Swoope",7545621,2500,"Chi@Ind 01:00PM ET","Ind","Erik","Swoope","Chi",0,0,0
"TE","Ben Braunecker (7545622)","Ben Braunecker",7545622,2500,"Chi@Ind 01:00PM ET","Chi","Ben","Braunecker","Ind",0,0,0
"TE","Anthony Fasano (7545623)","Anthony Fasano",7545623,2500,"Ten@Mia 01:00PM ET","Ten","Anthony","Fasano","Mia",2.3,0,0
"TE","Beau Brinkley (7545626)","Beau Brinkley",7545626,2500,"Ten@Mia 01:00PM ET","Ten","Beau","Brinkley","Mia",0,0,0
"TE","MarQueis Gray (7545627)","MarQueis Gray",7545627,2500,"Ten@Mia 01:00PM ET","Mia","MarQueis","Gray","Ten",0,2.5,0
"TE","Dion Sims (7545628)","Dion Sims",7545628,2500,"Ten@Mia 01:00PM ET","Mia","Dion","Sims","Ten",5.92,8.9,3.38
"TE","Jace Amaro (7545629)","Jace Amaro",7545629,2500,"Ten@Mia 01:00PM ET","Ten","Jace","Amaro","Mia",0,0,3.09
"TE","Phillip Supernaw (7545630)","Phillip Supernaw",7545630,2500,"Ten@Mia 01:00PM ET","Ten","Phillip","Supernaw","Mia",0,0,0
"TE","Vernon Davis (7545631)","Vernon Davis",7545631,2500,"Was@Bal 01:00PM ET","Was","Vernon","Davis","Bal",2.62,2.2,3.44
"TE","Niles Paul (7545633)","Niles Paul",7545633,2500,"Was@Bal 01:00PM ET","Was","Niles","Paul","Bal",0,0,0
"TE","Crockett Gillmore (7545635)","Crockett Gillmore",7545635,2500,"Was@Bal 01:00PM ET","Bal","Crockett","Gillmore","Was",2.7,4.3,0
"TE","Darren Waller (7545636)","Darren Waller",7545636,2500,"Was@Bal 01:00PM ET","Bal","Darren","Waller","Was",0,0,0
"TE","Maxx Williams (7545637)","Maxx Williams",7545637,2500,"Was@Bal 01:00PM ET","Bal","Maxx","Williams","Was",0,0,0
"TE","Rhett Ellison (7545638)","Rhett Ellison",7545638,2500,"Hou@Min 01:00PM ET","Min","Rhett","Ellison","Hou",0,1.5,0
"TE","Kevin McDermott (7545639)","Kevin McDermott",7545639,2500,"Hou@Min 01:00PM ET","Min","Kevin","McDermott","Hou",0,0,0
"TE","Ryan Griffin (7545640)","Ryan Griffin",7545640,2500,"Hou@Min 01:00PM ET","Hou","Ryan","Griffin","Min",7.98,5.8,5.39
"TE","MyCole Pruitt (7545642)","MyCole Pruitt",7545642,2500,"Hou@Min 01:00PM ET","Min","MyCole","Pruitt","Hou",0,0,0
"TE","C.J. Fiedorowicz (7545643)","C.J. Fiedorowicz",7545643,2500,"Hou@Min 01:00PM ET","Hou","C.J.","Fiedorowicz","Min",4.92,1.3,2.85
"TE","Stephen Anderson (7545644)","Stephen Anderson",7545644,2500,"Hou@Min 01:00PM ET","Hou","Stephen","Anderson","Min",0,0,4.4
"TE","David Morgan (7545645)","David Morgan",7545645,2500,"Hou@Min 01:00PM ET","Min","David","Morgan","Hou",0,0,0
"TE","Kellen Davis (7545646)","Kellen Davis",7545646,2500,"NYJ@Pit 01:00PM ET","NYJ","Kellen","Davis","Pit",1.3,1.8,0
"TE","David Johnson (7545647)","David Johnson",7545647,2500,"NYJ@Pit 01:00PM ET","Pit","David","Johnson","NYJ",0,1.2,0
"TE","Brandon Bostick (7545648)","Brandon Bostick",7545648,2500,"NYJ@Pit 01:00PM ET","NYJ","Brandon","Bostick","Pit",0,2,0
"TE","Xavier Grimble (7545649)","Xavier Grimble",7545649,2500,"NYJ@Pit 01:00PM ET","Pit","Xavier","Grimble","NYJ",0,1.3,0
"TE","Austin Seferian-Jenkins (7545650)","Austin Seferian-Jenkins",7545650,2500,"NYJ@Pit 01:00PM ET","NYJ","Austin","Seferian-Jenkins","Pit",4.92,2.5,4.76
"TE","Braedon Bowman (7545652)","Braedon Bowman",7545652,2500,"NYJ@Pit 01:00PM ET","NYJ","Braedon","Bowman","Pit",0,0,0
"TE","John Phillips (7545655)","John Phillips",7545655,2500,"Atl@Den 04:05PM ET","Den","John","Phillips","Atl",4.67,1.6,0
"TE","Levine Toilolo (7545656)","Levine Toilolo",7545656,2500,"Atl@Den 04:05PM ET","Atl","Levine","Toilolo","Den",0,1,0
"TE","Jeff Heuerman (7545657)","Jeff Heuerman",7545657,2500,"Atl@Den 04:05PM ET","Den","Jeff","Heuerman","Atl",3.29,0,0
"TE","Joshua Perkins (7545658)","Joshua Perkins",7545658,2500,"Atl@Den 04:05PM ET","Atl","Joshua","Perkins","Den",0,0,0
"TE","Austin Hooper (7545659)","Austin Hooper",7545659,2500,"Atl@Den 04:05PM ET","Atl","Austin","Hooper","Den",0,2.5,0
"TE","Clark Harris (7545661)","Clark Harris",7545661,2500,"Cin@Dal 04:25PM ET","Cin","Clark","Harris","Dal",0,0,0
"TE","Ryan Hewitt (7545662)","Ryan Hewitt",7545662,2500,"Cin@Dal 04:25PM ET","Cin","Ryan","Hewitt","Dal",0,0,0
"TE","Gavin Escobar (7545663)","Gavin Escobar",7545663,2500,"Cin@Dal 04:25PM ET","Dal","Gavin","Escobar","Cin",0,0,0
"TE","Tyler Kroft (7545665)","Tyler Kroft",7545665,2500,"Cin@Dal 04:25PM ET","Cin","Tyler","Kroft","Dal",2.52,2.5,0
"TE","C.J. Uzomah (7545666)","C.J. Uzomah",7545666,2500,"Cin@Dal 04:25PM ET","Cin","C.J.","Uzomah","Dal",8.61,7.9,3.81
"TE","Geoff Swaim (7545667)","Geoff Swaim",7545667,2500,"Cin@Dal 04:25PM ET","Dal","Geoff","Swaim","Cin",0,1.3,0
"TE","Jim Dray (7545668)","Jim Dray",7545668,2500,"Buf@LA 04:25PM ET","Buf","Jim","Dray","LA",0,0,0
"TE","Cory Harkey (7545671)","Cory Harkey",7545671,2500,"Buf@LA 04:25PM ET","LA","Cory","Harkey","Buf",0,0,0
"TE","Tyler Higbee (7545672)","Tyler Higbee",7545672,2500,"Buf@LA 04:25PM ET","LA","Tyler","Higbee","Buf",1.65,2.5,0
"TE","Nick O'Leary (7545673)","Nick O'Leary",7545673,2500,"Buf@LA 04:25PM ET","Buf","Nick","O'Leary","LA",0,0,0
"TE","Temarrick Hemingway (7545674)","Temarrick Hemingway",7545674,2500,"Buf@LA 04:25PM ET","LA","Temarrick","Hemingway","Buf",0,0,0
"TE","Lee Smith (7545676)","Lee Smith",7545676,2500,"SD@Oak 04:25PM ET","Oak","Lee","Smith","SD",0,0,0
"TE","Sean McGrath (7545677)","Sean McGrath",7545677,2500,"SD@Oak 04:25PM ET","SD","Sean","McGrath","Oak",0,0,0
"TE","Mychal Rivera (7545678)","Mychal Rivera",7545678,2500,"SD@Oak 04:25PM ET","Oak","Mychal","Rivera","SD",0,2.9,0
"TE","Asante Cleveland (7545680)","Asante Cleveland",7545680,2500,"SD@Oak 04:25PM ET","SD","Asante","Cleveland","Oak",0,0,0
"TE","Jared Cook (7545682)","Jared Cook",7545682,2500,"NYG@GB 08:30PM ET","GB","Jared","Cook","NYG",0,0,0
"TE","Justin Perillo (7545684)","Justin Perillo",7545684,2500,"NYG@GB 08:30PM ET","GB","Justin","Perillo","NYG",0,3.7,3
"TE","Jerell Adams (7545687)","Jerell Adams",7545687,2500,"NYG@GB 08:30PM ET","NYG","Jerell","Adams","GB",0,2.2,0
