"Position","Name","Salary","GameInfo","AvgPointsPerGame","teamAbbrev"
"SP","Clayton Kershaw",13900,"CHC@LAD 10:10PM ET",26.585,"LAD"
"SP","Max Scherzer",12700,"SD@WAS 07:05PM ET",25.006,"WAS"
"SP","Madison Bumgarner",12200,"ATL@SF 10:15PM ET",20.813,"SF"
"SP","Jacob deGrom",12100,"NYM@PIT 07:05PM ET",20.085,"NYM"
"SP","Stephen Strasburg",12100,"SD@WAS 07:05PM ET",20.994,"WAS"
"SP","Zack Greinke",12000,"ARI@MIL 08:10PM ET",22.932,"ARI"
"SP","Chris Sale",11700,"SEA@BOS 07:10PM ET",31.165,"BOS"
"SP","Jon Lester",11700,"CHC@LAD 10:10PM ET",19.12,"CHC"
"SP","Chris Archer",11400,"TB@MIN 08:10PM ET",20.89,"TB"
"SP","Johnny Cueto",11400,"ATL@SF 10:15PM ET",16.6,"SF"
"SP","Yu Darvish",11100,"TEX@TOR 07:07PM ET",21.545,"TEX"
"SP","Noah Syndergaard",11100,"NYM@PIT 07:05PM ET",18.18,"NYM"
"SP","Corey Kluber",11000,"KC@CLE 07:10PM ET",18.4,"CLE"
"SP","Dallas Keuchel",11000,"BAL@HOU 08:10PM ET",24.683,"HOU"
"SP","Michael Pineda",10500,"OAK@NYY 07:05PM ET",20.883,"NYY"
"SP","Marcus Stroman",10200,"TEX@TOR 07:07PM ET",15.382,"TOR"
"SP","Lance McCullers Jr.",10200,"BAL@HOU 08:10PM ET",21.13,"HOU"
"SP","Danny Salazar",9900,"KC@CLE 07:10PM ET",17.039,"CLE"
"SP","Carlos Carrasco",9900,"KC@CLE 07:10PM ET",21.161,"CLE"
"SP","David Price",9900,"SEA@BOS 07:10PM ET",0,"BOS"
"SP","Luis Severino",9900,"OAK@NYY 07:05PM ET",20.483,"NYY"
"SP","Steven Matz",9900,"NYM@PIT 07:05PM ET",0,"NYM"
"SP","Felix Hernandez",9800,"SEA@BOS 07:10PM ET",11.52,"SEA"
"SP","Jeff Samardzija",9800,"ATL@SF 10:15PM ET",17.745,"SF"
"SP","Gerrit Cole",9700,"NYM@PIT 07:05PM ET",16.275,"PIT"
"SP","Alex Wood",9600,"CHC@LAD 10:10PM ET",19.528,"LAD"
"SP","Andrew Triggs",9400,"OAK@NYY 07:05PM ET",16.8,"OAK"
"SP","Anthony DeSclafani",9300,"CIN@PHI 07:05PM ET",0,"CIN"
"SP","Trevor Cahill",9300,"SD@WAS 07:05PM ET",20.829,"SD"
"SP","Jake Arrieta",9200,"CHC@LAD 10:10PM ET",13.236,"CHC"
"SP","Matt Shoemaker",9200,"LAA@MIA 07:10PM ET",15.91,"LAA"
"SP","Gio Gonzalez",9100,"SD@WAS 07:05PM ET",16.456,"WAS"
"SP","Cole Hamels",9000,"TEX@TOR 07:07PM ET",10.817,"TEX"
"SP","John Lackey",9000,"CHC@LAD 10:10PM ET",14.215,"CHC"
"SP","Rich Hill",8900,"CHC@LAD 10:10PM ET",10.063,"LAD"
"SP","Garrett Richards",8900,"LAA@MIA 07:10PM ET",16.1,"LAA"
"SP","Carlos Martinez",8900,"STL@COL 08:40PM ET",20.328,"STL"
"SP","Danny Duffy",8800,"KC@CLE 07:10PM ET",17.25,"KC"
"SP","Eduardo Rodriguez",8800,"SEA@BOS 07:10PM ET",18.378,"BOS"
"SP","Kenta Maeda",8800,"CHC@LAD 10:10PM ET",15.557,"LAD"
"SP","Tyler Anderson",8700,"STL@COL 08:40PM ET",12.444,"COL"
"SP","Marco Estrada",8600,"TEX@TOR 07:07PM ET",20.38,"TOR"
"SP","Sonny Gray",8600,"OAK@NYY 07:05PM ET",17.91,"OAK"
"SP","Robbie Ray",8600,"ARI@MIL 08:10PM ET",19.183,"ARI"
"SP","Charlie Morton",8600,"BAL@HOU 08:10PM ET",17.675,"HOU"
"SP","Rick Porcello",8500,"SEA@BOS 07:10PM ET",16.15,"BOS"
"SP","James Paxton",8500,"SEA@BOS 07:10PM ET",25.425,"SEA"
"SP","Chris Tillman",8500,"BAL@HOU 08:10PM ET",9.688,"BAL"
"SP","Kyle Hendricks",8500,"CHC@LAD 10:10PM ET",14.53,"CHC"
"SP","Taijuan Walker",8400,"ARI@MIL 08:10PM ET",15.956,"ARI"
"SP","Brandon McCarthy",8400,"CHC@LAD 10:10PM ET",15.056,"LAD"
"SP","Tyler Skaggs",8400,"LAA@MIA 07:10PM ET",15.84,"LAA"
"SP","Jon Gray",8400,"STL@COL 08:40PM ET",7.65,"COL"
"SP","Jake Odorizzi",8300,"TB@MIN 08:10PM ET",15.944,"TB"
"SP","Trevor Bauer",8200,"KC@CLE 07:10PM ET",14.878,"CLE"
"SP","J.A. Happ",8200,"TEX@TOR 07:07PM ET",16.4,"TOR"
"SP","Drew Smyly",8200,"SEA@BOS 07:10PM ET",0,"SEA"
"SP","Jharel Cotton",8200,"OAK@NYY 07:05PM ET",12.014,"OAK"
"SP","Julio Urias",8200,"CHC@LAD 10:10PM ET",4.74,"LAD"
"SP","Michael Wacha",8200,"STL@COL 08:40PM ET",18,"STL"
"SP","Julio Teheran",8200,"ATL@SF 10:15PM ET",8.469,"ATL"
"SP","Ervin Santana",8100,"TB@MIN 08:10PM ET",23.21,"MIN"
"SP","Hisashi Iwakuma",8100,"SEA@BOS 07:10PM ET",7.858,"SEA"
"SP","Masahiro Tanaka",8100,"OAK@NYY 07:05PM ET",10.333,"NYY"
"SP","Mike Leake",8100,"STL@COL 08:40PM ET",20.2,"STL"
"SP","Mike Clevinger",8000,"KC@CLE 07:10PM ET",17.2,"CLE"
"SP","Nate Karns",8000,"KC@CLE 07:10PM ET",15.156,"KC"
"SP","Francisco Liriano",8000,"TEX@TOR 07:07PM ET",8.307,"TOR"
"SP","Sean Manaea",8000,"OAK@NYY 07:05PM ET",13.179,"OAK"
"SP","Collin McHugh",8000,"BAL@HOU 08:10PM ET",0,"HOU"
"SP","Jose De Leon",7900,"TB@MIN 08:10PM ET",0,"TB"
"SP","Alex Cobb",7900,"TB@MIN 08:10PM ET",14.145,"TB"
"SP","Vince Velasquez",7900,"CIN@PHI 07:05PM ET",11.094,"PHI"
"SP","Edinson Volquez",7900,"LAA@MIA 07:10PM ET",10.333,"MIA"
"SP","Matt Garza",7800,"ARI@MIL 08:10PM ET",14.792,"MIL"
"SP","Dylan Bundy",7800,"BAL@HOU 08:10PM ET",17.05,"BAL"
"SP","Brandon Finnegan",7800,"CIN@PHI 07:05PM ET",9.875,"CIN"
"SP","Tanner Roark",7800,"SD@WAS 07:05PM ET",14.385,"WAS"
"SP","Jason Vargas",7700,"KC@CLE 07:10PM ET",19.8,"KC"
"SP","Ivan Nova",7700,"NYM@PIT 07:05PM ET",17.561,"PIT"
"SP","Aaron Nola",7700,"CIN@PHI 07:05PM ET",15.488,"PHI"
"SP","Ricky Nolasco",7700,"LAA@MIA 07:10PM ET",13.875,"LAA"
"SP","Aaron Sanchez",7600,"TEX@TOR 07:07PM ET",10.71,"TOR"
"SP","Drew Pomeranz",7600,"SEA@BOS 07:10PM ET",13.988,"BOS"
"SP","CC Sabathia",7600,"OAK@NYY 07:05PM ET",11.956,"NYY"
"SP","Jimmy Nelson",7600,"ARI@MIL 08:10PM ET",13.222,"MIL"
"SP","Joe Musgrove",7600,"BAL@HOU 08:10PM ET",9.828,"HOU"
"SP","Matt Moore",7600,"ATL@SF 10:15PM ET",11.39,"SF"
"SP","Matt Andriese",7500,"TB@MIN 08:10PM ET",15.606,"TB"
"SP","Tyson Ross",7500,"TEX@TOR 07:07PM ET",0,"TEX"
"SP","Cody Reed",7500,"CIN@PHI 07:05PM ET",4.529,"CIN"
"SP","Dan Straily",7500,"LAA@MIA 07:10PM ET",15.744,"MIA"
"SP","Kyle Freeland",7500,"STL@COL 08:40PM ET",13.228,"COL"
"SP","Jhoulys Chacin",7500,"SD@WAS 07:05PM ET",9.033,"SD"
"SP","Mike Foltynewicz",7500,"ATL@SF 10:15PM ET",12.244,"ATL"
"SP","Jose Berrios",7400,"TB@MIN 08:10PM ET",29.25,"MIN"
"SP","Zack Wheeler",7400,"NYM@PIT 07:05PM ET",13.189,"NYM"
"SP","Tyler Glasnow",7400,"NYM@PIT 07:05PM ET",7.275,"PIT"
"SP","J.C. Ramirez",7300,"LAA@MIA 07:10PM ET",11.946,"LAA"
"SP","Ian Kennedy",7200,"KC@CLE 07:10PM ET",12.536,"KC"
"SP","Josh Tomlin",7200,"KC@CLE 07:10PM ET",8.328,"CLE"
"SP","Steven Wright",7200,"SEA@BOS 07:10PM ET",2.36,"BOS"
"SP","Jameson Taillon",7200,"NYM@PIT 07:05PM ET",15.35,"PIT"
"SP","Zach Davies",7200,"ARI@MIL 08:10PM ET",10.472,"MIL"
"SP","Wade Miley",7200,"BAL@HOU 08:10PM ET",15.656,"BAL"
"SP","Wei-Yin Chen",7200,"LAA@MIA 07:10PM ET",12.59,"MIA"
"SP","Lance Lynn",7200,"STL@COL 08:40PM ET",18.889,"STL"
"SP","Blake Snell",7100,"TB@MIN 08:10PM ET",9.713,"TB"
"SP","Jeremy Hellickson",7100,"CIN@PHI 07:05PM ET",9.54,"PHI"
"SP","Jesse Chavez",7100,"LAA@MIA 07:10PM ET",12.136,"LAA"
"SP","Adam Wainwright",7100,"STL@COL 08:40PM ET",10.77,"STL"
"SP","Archie Bradley",7000,"ARI@MIL 08:10PM ET",6.318,"ARI"
"SP","Patrick Corbin",7000,"ARI@MIL 08:10PM ET",12.109,"ARI"
"SP","A.J. Cole",7000,"SD@WAS 07:05PM ET",13.5,"WAS"
"SP","Jaime Garcia",7000,"ATL@SF 10:15PM ET",12.063,"ATL"
"SP","Tim Adleman",6900,"CIN@PHI 07:05PM ET",9.6,"CIN"
"SP","Jerad Eickhoff",6900,"CIN@PHI 07:05PM ET",12.428,"PHI"
"SP","Robert Stephenson",6900,"CIN@PHI 07:05PM ET",4.183,"CIN"
"SP","Tyler Chatwood",6900,"STL@COL 08:40PM ET",14.6,"COL"
"SP","Matt Wisler",6900,"ATL@SF 10:15PM ET",-1.988,"ATL"
"SP","Daniel Mengden",6800,"OAK@NYY 07:05PM ET",0,"OAK"
"SP","Jordan Montgomery",6800,"OAK@NYY 07:05PM ET",14.838,"NYY"
"SP","Bartolo Colon",6800,"ATL@SF 10:15PM ET",7.867,"ATL"
"SP","A.J. Griffin",6700,"TEX@TOR 07:07PM ET",14.593,"TEX"
"SP","Ariel Miranda",6700,"SEA@BOS 07:10PM ET",13.155,"SEA"
"SP","Marcos Molina",6700,"NYM@PIT 07:05PM ET",0,"NYM"
"SP","Raisel Iglesias",6700,"CIN@PHI 07:05PM ET",5.079,"CIN"
"SP","Hyun-Jin Ryu",6700,"CHC@LAD 10:10PM ET",12.343,"LAD"
"SP","R.A. Dickey",6700,"ATL@SF 10:15PM ET",9.633,"ATL"
"SP","Jason Hammel",6600,"KC@CLE 07:10PM ET",8.2,"KC"
"SP","Chad Kuhl",6600,"NYM@PIT 07:05PM ET",6.84,"PIT"
"SP","Chad Bettis",6600,"STL@COL 08:40PM ET",0,"COL"
"SP","German Marquez",6600,"STL@COL 08:40PM ET",15.325,"COL"
"SP","Clayton Richard",6600,"SD@WAS 07:05PM ET",13.27,"SD"
"SP","Chase De Jong",6500,"SEA@BOS 07:10PM ET",2.025,"SEA"
"SP","Matt Harvey",6500,"NYM@PIT 07:05PM ET",9.365,"NYM"
"SP","Josh Hader",6500,"ARI@MIL 08:10PM ET",0,"MIL"
"SP","Kevin Gausman",6500,"BAL@HOU 08:10PM ET",6.25,"BAL"
"SP","Mike Fiers",6500,"BAL@HOU 08:10PM ET",9.611,"HOU"
"SP","Ben Lively",6500,"CIN@PHI 07:05PM ET",0,"PHI"
"SP","Adam Conley",6500,"LAA@MIA 07:10PM ET",6.043,"MIA"
"SP","Kyle Zimmer",6400,"KC@CLE 07:10PM ET",0,"KC"
"SP","Chase Anderson",6400,"ARI@MIL 08:10PM ET",12.189,"MIL"
"SP","Mark Appel",6400,"CIN@PHI 07:05PM ET",0,"PHI"
"SP","Brett Anderson",6400,"CHC@LAD 10:10PM ET",3.65,"CHC"
"SP","Matt Cain",6400,"ATL@SF 10:15PM ET",9.872,"SF"
"SP","Zack Godley",6300,"ARI@MIL 08:10PM ET",17.888,"ARI"
"SP","Anthony Banda",6300,"ARI@MIL 08:10PM ET",0,"ARI"
"SP","Jeff Hoffman",6300,"STL@COL 08:40PM ET",18.517,"COL"
"SP","Robert Gsellman",6200,"NYM@PIT 07:05PM ET",5.308,"NYM"
"SP","Alex Meyer",6200,"LAA@MIA 07:10PM ET",12.5,"LAA"
"SP","Jesse Hahn",6100,"OAK@NYY 07:05PM ET",12.972,"OAK"
"SP","Taylor Jungmann",6100,"ARI@MIL 08:10PM ET",-0.9,"MIL"
"SP","Ubaldo Jimenez",6100,"BAL@HOU 08:10PM ET",5.733,"BAL"
"SP","Clay Buchholz",6100,"CIN@PHI 07:05PM ET",-2.45,"PHI"
"SP","Sal Romano",6100,"CIN@PHI 07:05PM ET",1.95,"CIN"
"SP","Hector Santiago",6000,"TB@MIN 08:10PM ET",12.056,"MIN"
"SP","Adalberto Mejia",6000,"TB@MIN 08:10PM ET",8.138,"MIN"
"SP","Martin Perez",6000,"TEX@TOR 07:07PM ET",11.62,"TEX"
"SP","Chris Heston",6000,"SEA@BOS 07:10PM ET",-9.075,"SEA"
"SP","Jorge Lopez",6000,"ARI@MIL 08:10PM ET",0,"MIL"
"SP","Shelby Miller",6000,"ARI@MIL 08:10PM ET",14.575,"ARI"
"SP","Luke Weaver",6000,"STL@COL 08:40PM ET",0,"STL"
"SP","Aaron Blair",6000,"ATL@SF 10:15PM ET",0,"ATL"
"SP","Ty Blach",6000,"ATL@SF 10:15PM ET",4.75,"SF"
"SP","Brian Johnson",5900,"SEA@BOS 07:10PM ET",13.25,"BOS"
"SP","Chad Green",5900,"OAK@NYY 07:05PM ET",10,"NYY"
"SP","Seth Lugo",5900,"NYM@PIT 07:05PM ET",0,"NYM"
"SP","Scott Feldman",5900,"CIN@PHI 07:05PM ET",14.335,"CIN"
"SP","Antonio Senzatela",5900,"STL@COL 08:40PM ET",12.75,"COL"
"SP","Joe Ross",5900,"SD@WAS 07:05PM ET",11.17,"WAS"
"SP","Phil Hughes",5800,"TB@MIN 08:10PM ET",8.728,"MIN"
"SP","Jake Junis",5700,"KC@CLE 07:10PM ET",6.4,"KC"
"SP","Tyler Duffey",5700,"TB@MIN 08:10PM ET",4.98,"MIN"
"SP","Mat Latos",5700,"TEX@TOR 07:07PM ET",4.983,"TOR"
"SP","Nick Martinez",5700,"TEX@TOR 07:07PM ET",10.083,"TEX"
"SP","Brad Peacock",5700,"BAL@HOU 08:10PM ET",7.531,"HOU"
"SP","Eddie Butler",5700,"CHC@LAD 10:10PM ET",14.225,"CHC"
"SP","Erasmo Ramirez",5600,"TB@MIN 08:10PM ET",6.653,"TB"
"SP","Nick Kingham",5600,"NYM@PIT 07:05PM ET",0,"PIT"
"SP","Tommy Milone",5600,"NYM@PIT 07:05PM ET",4.672,"NYM"
"1B","Paul Goldschmidt",5600,"ARI@MIL 08:10PM ET",11.625,"ARI"
"SP","Jake Thompson",5600,"CIN@PHI 07:05PM ET",0.417,"PHI"
"SP","Mike Minor",5500,"KC@CLE 07:10PM ET",4.511,"KC"
"SP","Roenis Elias",5500,"SEA@BOS 07:10PM ET",0,"BOS"
"SP","Rob Whalen",5500,"SEA@BOS 07:10PM ET",0,"SEA"
"SP","Kendall Graveman",5500,"OAK@NYY 07:05PM ET",12.569,"OAK"
"SP","Adam Morgan",5500,"CIN@PHI 07:05PM ET",5.55,"PHI"
"OF","Mike Trout",5500,"LAA@MIA 07:10PM ET",12.267,"LAA"
"SP","Tom Koehler",5500,"LAA@MIA 07:10PM ET",6.581,"MIA"
"SP","Jose Urena",5500,"LAA@MIA 07:10PM ET",7.75,"MIA"
"OF","Charlie Blackmon",5500,"STL@COL 08:40PM ET",10.792,"COL"
"SP","Dan Winkler",5500,"ATL@SF 10:15PM ET",0,"ATL"
"SP","Andrew Cashner",5400,"TEX@TOR 07:07PM ET",9.55,"TEX"
"SP","Wade LeBlanc",5400,"NYM@PIT 07:05PM ET",4.918,"PIT"
"3B","Jake Lamb",5400,"ARI@MIL 08:10PM ET",10.682,"ARI"
"SP","Wily Peralta",5400,"ARI@MIL 08:10PM ET",10.14,"MIL"
"SP","Austin Voth",5400,"SD@WAS 07:05PM ET",0,"WAS"
"SP","Chih-Wei Hu",5300,"TB@MIN 08:10PM ET",2.275,"TB"
"SP","Tyler Wagner",5300,"TEX@TOR 07:07PM ET",0,"TEX"
"SP","Braden Shipley",5300,"ARI@MIL 08:10PM ET",0.4,"ARI"
"SP","Nick Pivetta",5300,"CIN@PHI 07:05PM ET",10.475,"PHI"
"RP","Mike Montgomery",5300,"CHC@LAD 10:10PM ET",4.203,"CHC"
"OF","Bryce Harper",5300,"SD@WAS 07:05PM ET",11.976,"WAS"
"SP","Jacob Turner",5300,"SD@WAS 07:05PM ET",6.169,"WAS"
"SP","Eric Skoglund",5200,"KC@CLE 07:10PM ET",0,"KC"
"SP","Kyle Gibson",5200,"TB@MIN 08:10PM ET",2.5,"MIN"
"OF","Mookie Betts",5200,"SEA@BOS 07:10PM ET",9.81,"BOS"
"SP","Kyle Kendrick",5200,"SEA@BOS 07:10PM ET",-5.925,"BOS"
"SP","Rafael Montero",5200,"NYM@PIT 07:05PM ET",1.142,"NYM"
"SP","Lisalverto Bonilla",5200,"CIN@PHI 07:05PM ET",8.35,"CIN"
"SP","Luis Perdomo",5200,"SD@WAS 07:05PM ET",10.286,"SD"
"SP","Jered Weaver",5200,"SD@WAS 07:05PM ET",3.45,"SD"
"SP","Sean Reid-Foley",5100,"TEX@TOR 07:07PM ET",0,"TOR"
"OF","Billy Hamilton",5100,"CIN@PHI 07:05PM ET",9.977,"CIN"
"RP","Chris Stratton",5100,"ATL@SF 10:15PM ET",-0.05,"SF"
"SP","Chris Young",5000,"KC@CLE 07:10PM ET",2.065,"KC"
"OF","Aaron Judge",5000,"OAK@NYY 07:05PM ET",11.238,"NYY"
"RP","Giovanny Gallegos",5000,"OAK@NYY 07:05PM ET",2.5,"NYY"
"OF","Michael Conforto",5000,"NYM@PIT 07:05PM ET",10.585,"NYM"
"SP","Rookie Davis",5000,"CIN@PHI 07:05PM ET",3.79,"CIN"
"SP","John Gant",5000,"STL@COL 08:40PM ET",0,"STL"
"SS","Trea Turner",5000,"SD@WAS 07:05PM ET",9.343,"WAS"
"SP","Albert Suarez",5000,"ATL@SF 10:15PM ET",0,"SF"
"SS","Xander Bogaerts",4900,"SEA@BOS 07:10PM ET",8.634,"BOS"
"RP","Sam Gaviglio",4900,"SEA@BOS 07:10PM ET",10.083,"SEA"
"SP","Christian Bergman",4900,"SEA@BOS 07:10PM ET",6.6,"SEA"
"RP","Bryan Mitchell",4900,"OAK@NYY 07:05PM ET",2.155,"NYY"
"OF","Ryan Braun",4900,"ARI@MIL 08:10PM ET",8.867,"MIL"
"OF","A.J. Pollock",4900,"ARI@MIL 08:10PM ET",9.135,"ARI"
"SP","Bronson Arroyo",4900,"CIN@PHI 07:05PM ET",7.222,"CIN"
"1B","Joey Votto",4900,"CIN@PHI 07:05PM ET",10.435,"CIN"
"SP","Daniel Wright",4900,"LAA@MIA 07:10PM ET",3.663,"LAA"
"SP","Abel De los Santos",4900,"LAA@MIA 07:10PM ET",0,"LAA"
"SP","Jeff Locke",4900,"LAA@MIA 07:10PM ET",0,"MIA"
"2B","Daniel Murphy",4900,"SD@WAS 07:05PM ET",9.545,"WAS"
"SP","Zach Lee",4900,"SD@WAS 07:05PM ET",4.8,"SD"
"SP","Adam Wilk",4800,"TB@MIN 08:10PM ET",2.267,"MIN"
"OF","Jose Bautista",4800,"TEX@TOR 07:07PM ET",8.17,"TOR"
"3B","Josh Donaldson",4800,"TEX@TOR 07:07PM ET",8.333,"TOR"
"SP","Dillon Overton",4800,"SEA@BOS 07:10PM ET",1.939,"SEA"
"RP","Ryan Weber",4800,"SEA@BOS 07:10PM ET",4.45,"SEA"
"RP","Trevor Williams",4800,"NYM@PIT 07:05PM ET",5.325,"PIT"
"SP","Junior Guerra",4800,"ARI@MIL 08:10PM ET",9.55,"MIL"
"2B","Jonathan Villar",4800,"ARI@MIL 08:10PM ET",7.804,"MIL"
"1B","Eric Thames",4800,"ARI@MIL 08:10PM ET",10.707,"MIL"
"SP","Alec Asher",4800,"BAL@HOU 08:10PM ET",7.059,"BAL"
"SP","Amir Garrett",4800,"CIN@PHI 07:05PM ET",10.756,"CIN"
"SP","Asher Wojciechowski",4800,"CIN@PHI 07:05PM ET",17.65,"CIN"
"SP","Bud Norris",4800,"LAA@MIA 07:10PM ET",4.102,"LAA"
"SP","Yusmeiro Petit",4800,"LAA@MIA 07:10PM ET",5.965,"LAA"
"3B","Nolan Arenado",4800,"STL@COL 08:40PM ET",9.271,"COL"
"OF","Corey Dickerson",4700,"TB@MIN 08:10PM ET",9.587,"TB"
"RP","Chris Smith",4700,"TEX@TOR 07:07PM ET",0,"TOR"
"SP","Yovani Gallardo",4700,"SEA@BOS 07:10PM ET",9.111,"SEA"
"2B","Robinson Cano",4700,"SEA@BOS 07:10PM ET",8.763,"SEA"
"C","Gary Sanchez",4700,"OAK@NYY 07:05PM ET",7.714,"NYY"
"RP","Luis Cessa",4700,"OAK@NYY 07:05PM ET",2.5,"NYY"
"2B","Jose Altuve",4700,"BAL@HOU 08:10PM ET",9.087,"HOU"
"SP","Zach Eflin",4700,"CIN@PHI 07:05PM ET",7.329,"PHI"
"1B","Anthony Rizzo",4700,"CHC@LAD 10:10PM ET",9.044,"CHC"
"3B","Kris Bryant",4700,"CHC@LAD 10:10PM ET",9.795,"CHC"
"RP","David Phelps",4700,"LAA@MIA 07:10PM ET",3.505,"MIA"
"1B","Mark Reynolds",4700,"STL@COL 08:40PM ET",9.511,"COL"
"SP","Jarred Cosart",4700,"SD@WAS 07:05PM ET",3.72,"SD"
"SP","Dinelson Lamet",4700,"SD@WAS 07:05PM ET",0,"SD"
"SP","Max Fried",4700,"ATL@SF 10:15PM ET",0,"ATL"
"1B","Edwin Encarnacion",4600,"KC@CLE 07:10PM ET",7.267,"CLE"
"RP","Matt Strahm",4600,"KC@CLE 07:10PM ET",2.613,"KC"
"3B","Miguel Sano",4600,"TB@MIN 08:10PM ET",10.381,"MIN"
"SP","Chi Chi Gonzalez",4600,"TEX@TOR 07:07PM ET",0,"TEX"
"SP","Joe Biagini",4600,"TEX@TOR 07:07PM ET",5.089,"TOR"
"1B","Hanley Ramirez",4600,"SEA@BOS 07:10PM ET",7.27,"BOS"
"OF","Brett Gardner",4600,"OAK@NYY 07:05PM ET",9.525,"NYY"
"3B","Travis Shaw",4600,"ARI@MIL 08:10PM ET",9.195,"MIL"
"SP","Scott Kazmir",4600,"CHC@LAD 10:10PM ET",0,"LAD"
"SP","Justin Nicolino",4600,"LAA@MIA 07:10PM ET",7.25,"MIA"
"3B","Jedd Gyorko",4600,"STL@COL 08:40PM ET",8.541,"STL"
"1B","Matt Carpenter",4600,"STL@COL 08:40PM ET",8.214,"STL"
"OF","Randal Grichuk",4600,"STL@COL 08:40PM ET",6.881,"STL"
"SS","Trevor Story",4600,"STL@COL 08:40PM ET",6.571,"COL"
"OF","Carlos Gonzalez",4600,"STL@COL 08:40PM ET",6.432,"COL"
"2B","DJ LeMahieu",4600,"STL@COL 08:40PM ET",6.898,"COL"
"1B","Ryan Zimmerman",4600,"SD@WAS 07:05PM ET",10.614,"WAS"
"2B","Brian Dozier",4500,"TB@MIN 08:10PM ET",8.641,"MIN"
"SP","Nick Tepesch",4500,"TB@MIN 08:10PM ET",1.55,"MIN"
"SP","Mike Bolsinger",4500,"TEX@TOR 07:07PM ET",6.217,"TOR"
"1B","Mitch Moreland",4500,"SEA@BOS 07:10PM ET",7.659,"BOS"
"OF","Andrew Benintendi",4500,"SEA@BOS 07:10PM ET",8.628,"BOS"
"OF","Khris Davis",4500,"OAK@NYY 07:05PM ET",8.386,"OAK"
"RP","Adam Warren",4500,"OAK@NYY 07:05PM ET",4.559,"NYY"
"OF","Starling Marte",4500,"NYM@PIT 07:05PM ET",7.769,"PIT"
"OF","Yoenis Cespedes",4500,"NYM@PIT 07:05PM ET",9.278,"NYM"
"1B/OF","Jay Bruce",4500,"NYM@PIT 07:05PM ET",8.902,"NYM"
"OF/SS","Chris Owings",4500,"ARI@MIL 08:10PM ET",8.043,"ARI"
"RP","Jayson Aquino",4500,"BAL@HOU 08:10PM ET",2.8,"BAL"
"SP","Mike Wright",4500,"BAL@HOU 08:10PM ET",0,"BAL"
"3B","Eugenio Suarez",4500,"CIN@PHI 07:05PM ET",8.848,"CIN"
"RP","Ariel Hernandez",4500,"CIN@PHI 07:05PM ET",16,"CIN"
"RP","Tony Cingrani",4500,"CIN@PHI 07:05PM ET",3.1,"CIN"
"RP","Blake Wood",4500,"CIN@PHI 07:05PM ET",2.6,"CIN"
"RP","Barrett Astin",4500,"CIN@PHI 07:05PM ET",-0.133,"CIN"
"RP","Drew Storen",4500,"CIN@PHI 07:05PM ET",2.66,"CIN"
"RP","Michael Lorenzen",4500,"CIN@PHI 07:05PM ET",3.445,"CIN"
"RP","Wandy Peralta",4500,"CIN@PHI 07:05PM ET",4.173,"CIN"
"RP","Austin Brice",4500,"CIN@PHI 07:05PM ET",5.171,"CIN"
"RP","Nefi Ogando",4500,"CIN@PHI 07:05PM ET",0,"CIN"
"OF","Dexter Fowler",4500,"STL@COL 08:40PM ET",7.333,"STL"
"1B/OF","Ian Desmond",4500,"STL@COL 08:40PM ET",7.5,"COL"
"OF","David Dahl",4500,"STL@COL 08:40PM ET",0,"COL"
"3B","Anthony Rendon",4500,"SD@WAS 07:05PM ET",8.651,"WAS"
"SP","Josh Collmenter",4500,"ATL@SF 10:15PM ET",1.75,"ATL"
"RP","Jim Johnson",4500,"ATL@SF 10:15PM ET",3.183,"ATL"
"RP","Jason Motte",4500,"ATL@SF 10:15PM ET",2.462,"ATL"
"RP","Jose Ramirez",4500,"ATL@SF 10:15PM ET",3.521,"ATL"
"RP","Mauricio Cabrera",4500,"ATL@SF 10:15PM ET",0,"ATL"
"RP","Ian Krol",4500,"ATL@SF 10:15PM ET",1.572,"ATL"
"RP","Arodys Vizcaino",4500,"ATL@SF 10:15PM ET",3.69,"ATL"
"RP","Chaz Roe",4500,"ATL@SF 10:15PM ET",-0.367,"ATL"
"RP","Luke Jackson",4500,"ATL@SF 10:15PM ET",1.917,"ATL"
"RP","Eric O'Flaherty",4500,"ATL@SF 10:15PM ET",0.964,"ATL"
"RP","Jason Hursh",4500,"ATL@SF 10:15PM ET",0,"ATL"
"RP","Sam Freeman",4500,"ATL@SF 10:15PM ET",4.942,"ATL"
"OF","Michael Brantley",4400,"KC@CLE 07:10PM ET",8.184,"CLE"
"SS","Francisco Lindor",4400,"KC@CLE 07:10PM ET",8.889,"CLE"
"RP","Scott Alexander",4400,"KC@CLE 07:10PM ET",3.765,"KC"
"RP","Miguel Almonte",4400,"KC@CLE 07:10PM ET",0,"KC"
"RP","Joakim Soria",4400,"KC@CLE 07:10PM ET",4.045,"KC"
"RP","Peter Moylan",4400,"KC@CLE 07:10PM ET",0.607,"KC"
"RP","Kelvin Herrera",4400,"KC@CLE 07:10PM ET",2.755,"KC"
"RP","Travis Wood",4400,"KC@CLE 07:10PM ET",0.066,"KC"
"1B","Logan Morrison",4400,"TB@MIN 08:10PM ET",8,"TB"
"SP","Chase Whitley",4400,"TB@MIN 08:10PM ET",4.885,"TB"
"OF","Nomar Mazara",4400,"TEX@TOR 07:07PM ET",8.047,"TEX"
"SP","Raul Alcantara",4400,"OAK@NYY 07:05PM ET",-5.483,"OAK"
"2B/OF","Adam Frazier",4400,"NYM@PIT 07:05PM ET",8.481,"PIT"
"RP","Josh Edgin",4400,"NYM@PIT 07:05PM ET",1.418,"NYM"
"RP","Addison Reed",4400,"NYM@PIT 07:05PM ET",3.252,"NYM"
"RP","Paul Sewald",4400,"NYM@PIT 07:05PM ET",4.077,"NYM"
"RP","Josh Smoker",4400,"NYM@PIT 07:05PM ET",1.924,"NYM"
"RP","Jerry Blevins",4400,"NYM@PIT 07:05PM ET",2.833,"NYM"
"RP","Jeurys Familia",4400,"NYM@PIT 07:05PM ET",2.545,"NYM"
"RP","Fernando Salas",4400,"NYM@PIT 07:05PM ET",1.408,"NYM"
"RP","Hansel Robles",4400,"NYM@PIT 07:05PM ET",2.788,"NYM"
"SP","Sean Gilmartin",4400,"NYM@PIT 07:05PM ET",0.05,"NYM"
"OF","David Peralta",4400,"ARI@MIL 08:10PM ET",7.525,"ARI"
"3B","Manny Machado",4400,"BAL@HOU 08:10PM ET",7.909,"BAL"
"SP","Tyler Wilson",4400,"BAL@HOU 08:10PM ET",2.164,"BAL"
"OF","Adam Duvall",4400,"CIN@PHI 07:05PM ET",8.778,"CIN"
"OF","Scott Schebler",4400,"CIN@PHI 07:05PM ET",8.341,"CIN"
"RP","Rob Zastryzny",4400,"CHC@LAD 10:10PM ET",0.8,"CHC"
"1B","Justin Bour",4400,"LAA@MIA 07:10PM ET",8.2,"MIA"
"SP","Vance Worley",4400,"LAA@MIA 07:10PM ET",2.8,"MIA"
"RP","Jarlin Garcia",4400,"LAA@MIA 07:10PM ET",2.038,"MIA"
"SS","Aledmys Diaz",4400,"STL@COL 08:40PM ET",7,"STL"
"RP","Matt Albers",4400,"SD@WAS 07:05PM ET",3.406,"WAS"
"RP","Jose Valdez",4400,"SD@WAS 07:05PM ET",4.333,"SD"
"1B","Freddie Freeman",4400,"ATL@SF 10:15PM ET",12.514,"ATL"
"3B","Joey Gallo",4300,"TEX@TOR 07:07PM ET",8.522,"TEX"
"2B","Dustin Pedroia",4300,"SEA@BOS 07:10PM ET",7,"BOS"
"RP","Marc Rzepczynski",4300,"SEA@BOS 07:10PM ET",2.347,"SEA"
"RP","Emilio Pagan",4300,"SEA@BOS 07:10PM ET",4.467,"SEA"
"RP","Zac Curtis",4300,"SEA@BOS 07:10PM ET",2.575,"SEA"
"RP","Steve Cishek",4300,"SEA@BOS 07:10PM ET",-0.217,"SEA"
"RP","Evan Scribner",4300,"SEA@BOS 07:10PM ET",0.338,"SEA"
"RP","Jean Machi",4300,"SEA@BOS 07:10PM ET",4.13,"SEA"
"RP","Nick Vincent",4300,"SEA@BOS 07:10PM ET",3.193,"SEA"
"RP","Dan Altavilla",4300,"SEA@BOS 07:10PM ET",2.184,"SEA"
"RP","Edwin Diaz",4300,"SEA@BOS 07:10PM ET",3.203,"SEA"
"RP","Tony Zych",4300,"SEA@BOS 07:10PM ET",2.631,"SEA"
"RP","Evan Marshall",4300,"SEA@BOS 07:10PM ET",-0.158,"SEA"
"RP","James Pazos",4300,"SEA@BOS 07:10PM ET",4.258,"SEA"
"RP","Shae Simmons",4300,"SEA@BOS 07:10PM ET",0,"SEA"
"OF","Aaron Hicks",4300,"OAK@NYY 07:05PM ET",9.529,"NYY"
"RP","Liam Hendriks",4300,"OAK@NYY 07:05PM ET",3.397,"OAK"
"RP","Ryan Madson",4300,"OAK@NYY 07:05PM ET",2.963,"OAK"
"RP","Santiago Casilla",4300,"OAK@NYY 07:05PM ET",2.289,"OAK"
"RP","Frankie Montas",4300,"OAK@NYY 07:05PM ET",3.972,"OAK"
"RP","Bobby Wahl",4300,"OAK@NYY 07:05PM ET",2.493,"OAK"
"RP","Sean Doolittle",4300,"OAK@NYY 07:05PM ET",3.294,"OAK"
"RP","Ryan Dull",4300,"OAK@NYY 07:05PM ET",2.255,"OAK"
"RP","Daniel Coulombe",4300,"OAK@NYY 07:05PM ET",1.892,"OAK"
"RP","John Axford",4300,"OAK@NYY 07:05PM ET",0.125,"OAK"
"RP","Josh Smith",4300,"OAK@NYY 07:05PM ET",0.383,"OAK"
"OF","Keon Broxton",4300,"ARI@MIL 08:10PM ET",8.024,"MIL"
"OF","Mark Trumbo",4300,"BAL@HOU 08:10PM ET",7.422,"BAL"
"2B/SS","Javier Baez",4300,"CHC@LAD 10:10PM ET",6.732,"CHC"
"OF","Cameron Maybin",4300,"LAA@MIA 07:10PM ET",8.122,"LAA"
"RP","Jose Alvarez",4300,"LAA@MIA 07:10PM ET",1.852,"LAA"
"RP","Mike Morin",4300,"LAA@MIA 07:10PM ET",0.9,"LAA"
"RP","Cam Bedrosian",4300,"LAA@MIA 07:10PM ET",5.567,"LAA"
"RP","David Hernandez",4300,"LAA@MIA 07:10PM ET",2.254,"LAA"
"RP","Blake Parker",4300,"LAA@MIA 07:10PM ET",3.922,"LAA"
"RP","Andrew Bailey",4300,"LAA@MIA 07:10PM ET",4.113,"LAA"
"RP","Deolis Guerra",4300,"LAA@MIA 07:10PM ET",4.063,"LAA"
"RP","Huston Street",4300,"LAA@MIA 07:10PM ET",0,"LAA"
"RP","Brooks Pounders",4300,"LAA@MIA 07:10PM ET",2.9,"LAA"
"RP","Keynan Middleton",4300,"LAA@MIA 07:10PM ET",2.644,"LAA"
"OF","Stephen Piscotty",4300,"STL@COL 08:40PM ET",6.414,"STL"
"SP","Chris Rusin",4300,"STL@COL 08:40PM ET",5.372,"COL"
"SP","Robbie Erlin",4300,"SD@WAS 07:05PM ET",0,"SD"
"SP","Jeremy Guthrie",4300,"SD@WAS 07:05PM ET",-24.5,"WAS"
"2B","Jason Kipnis",4200,"KC@CLE 07:10PM ET",6.552,"CLE"
"OF","Max Kepler",4200,"TB@MIN 08:10PM ET",7.78,"MIN"
"RP","Jason Grilli",4200,"TEX@TOR 07:07PM ET",1.692,"TOR"
"RP","Dominic Leone",4200,"TEX@TOR 07:07PM ET",3.397,"TOR"
"RP","Roberto Osuna",4200,"TEX@TOR 07:07PM ET",3.489,"TOR"
"RP","Ryan Tepera",4200,"TEX@TOR 07:07PM ET",4.743,"TOR"
"RP","Joe Smith",4200,"TEX@TOR 07:07PM ET",3.688,"TOR"
"RP","Aaron Loup",4200,"TEX@TOR 07:07PM ET",2.58,"TOR"
"RP","Matt Dermody",4200,"TEX@TOR 07:07PM ET",-12.25,"TOR"
"RP","Leonel Campos",4200,"TEX@TOR 07:07PM ET",3.113,"TOR"
"RP","Danny Barnes",4200,"TEX@TOR 07:07PM ET",4.561,"TOR"
"RP","J.P. Howell",4200,"TEX@TOR 07:07PM ET",-0.144,"TOR"
"OF","Nelson Cruz",4200,"SEA@BOS 07:10PM ET",8.63,"SEA"
"SS","Jean Segura",4200,"SEA@BOS 07:10PM ET",9.457,"SEA"
"OF","Jackie Bradley Jr.",4200,"SEA@BOS 07:10PM ET",6.179,"BOS"
"SP","Hector Velazquez",4200,"SEA@BOS 07:10PM ET",0.65,"BOS"
"SP","Casey Lawrence",4200,"SEA@BOS 07:10PM ET",0.983,"SEA"
"OF","Gregory Polanco",4200,"NYM@PIT 07:05PM ET",6.486,"PIT"
"RP","Neil Ramirez",4200,"NYM@PIT 07:05PM ET",1.875,"NYM"
"OF","Yasmany Tomas",4200,"ARI@MIL 08:10PM ET",7.659,"ARI"
"SP","Brent Suter",4200,"ARI@MIL 08:10PM ET",2.02,"MIL"
"OF","Adam Jones",4200,"BAL@HOU 08:10PM ET",7.5,"BAL"
"1B","Chris Davis",4200,"BAL@HOU 08:10PM ET",7.614,"BAL"
"RP","Francis Martes",4200,"BAL@HOU 08:10PM ET",0,"HOU"
"SP","Gabriel Ynoa",4200,"BAL@HOU 08:10PM ET",23.9,"BAL"
"RP","Ashur Tolliver",4200,"BAL@HOU 08:10PM ET",14,"HOU"
"SS","Zack Cozart",4200,"CIN@PHI 07:05PM ET",9.049,"CIN"
"RP","Joely Rodriguez",4200,"CIN@PHI 07:05PM ET",0.938,"PHI"
"RP","Mark Leiter Jr.",4200,"CIN@PHI 07:05PM ET",2.856,"PHI"
"RP","Edubray Ramos",4200,"CIN@PHI 07:05PM ET",2.64,"PHI"
"RP","Pat Neshek",4200,"CIN@PHI 07:05PM ET",2.908,"PHI"
"RP","Joaquin Benoit",4200,"CIN@PHI 07:05PM ET",2.448,"PHI"
"RP","Luis Garcia",4200,"CIN@PHI 07:05PM ET",1.936,"PHI"
"RP","Hector Neris",4200,"CIN@PHI 07:05PM ET",2.836,"PHI"
"RP","Jeanmar Gomez",4200,"CIN@PHI 07:05PM ET",2.611,"PHI"
"RP","Jake Buchanan",4200,"CIN@PHI 07:05PM ET",0,"CIN"
"OF","Kyle Schwarber",4200,"CHC@LAD 10:10PM ET",6.762,"CHC"
"SS","Corey Seager",4200,"CHC@LAD 10:10PM ET",8.574,"LAD"
"RP","Zac Rosscup",4200,"CHC@LAD 10:10PM ET",1.5,"CHC"
"RP","Justin Marks",4200,"CHC@LAD 10:10PM ET",1.2,"LAD"
"2B","Dee Gordon",4200,"LAA@MIA 07:10PM ET",7.591,"MIA"
"OF","Giancarlo Stanton",4200,"LAA@MIA 07:10PM ET",8.533,"MIA"
"RP","Kyle Barraclough",4200,"LAA@MIA 07:10PM ET",3.218,"MIA"
"RP","AJ Ramos",4200,"LAA@MIA 07:10PM ET",2.634,"MIA"
"RP","Brad Ziegler",4200,"LAA@MIA 07:10PM ET",0.6,"MIA"
"RP","Odrisamer Despaigne",4200,"LAA@MIA 07:10PM ET",0.875,"MIA"
"RP","Nick Wittgren",4200,"LAA@MIA 07:10PM ET",3.817,"MIA"
"SP","Brian Ellington",4200,"LAA@MIA 07:10PM ET",4.52,"MIA"
"RP","Junichi Tazawa",4200,"LAA@MIA 07:10PM ET",1.572,"MIA"
"RP","Dustin McGowan",4200,"LAA@MIA 07:10PM ET",3.613,"MIA"
"RP","Severino Gonzalez",4200,"LAA@MIA 07:10PM ET",0,"MIA"
"OF","Adam Eaton",4200,"SD@WAS 07:05PM ET",10.13,"WAS"
"2B","Brandon Phillips",4200,"ATL@SF 10:15PM ET",7.5,"ATL"
"OF","Matt Kemp",4200,"ATL@SF 10:15PM ET",10.147,"ATL"
"RP","Reyes Moronta",4200,"ATL@SF 10:15PM ET",0,"SF"
"RP","George Kontos",4200,"ATL@SF 10:15PM ET",2.257,"SF"
"RP","Mark Melancon",4200,"ATL@SF 10:15PM ET",2.425,"SF"
"RP","Cory Gearrin",4200,"ATL@SF 10:15PM ET",2.425,"SF"
"RP","Derek Law",4200,"ATL@SF 10:15PM ET",2.989,"SF"
"RP","Josh Osich",4200,"ATL@SF 10:15PM ET",2.685,"SF"
"RP","Bryan Morris",4200,"ATL@SF 10:15PM ET",3.578,"SF"
"RP","Steven Okert",4200,"ATL@SF 10:15PM ET",0.876,"SF"
"RP","Hunter Strickland",4200,"ATL@SF 10:15PM ET",2.993,"SF"
"RP","Seth Maness",4100,"KC@CLE 07:10PM ET",2.463,"KC"
"RP","Al Alburquerque",4100,"KC@CLE 07:10PM ET",2.4,"KC"
"RP","Diego Moreno",4100,"TB@MIN 08:10PM ET",2.67,"TB"
"RP","Jumbo Diaz",4100,"TB@MIN 08:10PM ET",1.64,"TB"
"RP","Jose Alvarado",4100,"TB@MIN 08:10PM ET",1.875,"TB"
"RP","Danny Farquhar",4100,"TB@MIN 08:10PM ET",2.546,"TB"
"RP","Shawn Tolleson",4100,"TB@MIN 08:10PM ET",0,"TB"
"RP","Ryan Garton",4100,"TB@MIN 08:10PM ET",-0.783,"TB"
"RP","Alex Colome",4100,"TB@MIN 08:10PM ET",2.879,"TB"
"RP","Xavier Cedeno",4100,"TB@MIN 08:10PM ET",0.35,"TB"
"SP","Austin Pruitt",4100,"TB@MIN 08:10PM ET",2.829,"TB"
"RP","Tommy Hunter",4100,"TB@MIN 08:10PM ET",2.395,"TB"
"RP","Brad Boxberger",4100,"TB@MIN 08:10PM ET",0,"TB"
"1B","Justin Smoak",4100,"TEX@TOR 07:07PM ET",7.478,"TOR"
"OF","Kevin Pillar",4100,"TEX@TOR 07:07PM ET",8.822,"TOR"
"RP","Yohander Mendez",4100,"TEX@TOR 07:07PM ET",0,"TEX"
"RP","Jose Leclerc",4100,"TEX@TOR 07:07PM ET",4.965,"TEX"
"RP","Dario Alvarez",4100,"TEX@TOR 07:07PM ET",3.038,"TEX"
"SP","Austin Bibens-Dirkx",4100,"TEX@TOR 07:07PM ET",5.433,"TEX"
"RP","Tanner Scheppers",4100,"TEX@TOR 07:07PM ET",0,"TEX"
"RP","Tony Barnette",4100,"TEX@TOR 07:07PM ET",2.091,"TEX"
"RP","Matt Bush",4100,"TEX@TOR 07:07PM ET",4.534,"TEX"
"RP","Keone Kela",4100,"TEX@TOR 07:07PM ET",3.893,"TEX"
"RP","Anthony Bass",4100,"TEX@TOR 07:07PM ET",-5.825,"TEX"
"RP","Jeremy Jeffress",4100,"TEX@TOR 07:07PM ET",0.582,"TEX"
"RP","Sam Dyson",4100,"TEX@TOR 07:07PM ET",-0.97,"TEX"
"RP","Alex Claudio",4100,"TEX@TOR 07:07PM ET",2.455,"TEX"
"SS","Didi Gregorius",4100,"OAK@NYY 07:05PM ET",8.417,"NYY"
"3B/SS","Jose Reyes",4100,"NYM@PIT 07:05PM ET",6.091,"NYM"
"SP","Juan Nicasio",4100,"NYM@PIT 07:05PM ET",2.677,"PIT"
"RP","Jhan Marinez",4100,"NYM@PIT 07:05PM ET",1.756,"PIT"
"RP","Dovydas Neverauskas",4100,"NYM@PIT 07:05PM ET",3.3,"PIT"
"RP","Johnny Barbato",4100,"NYM@PIT 07:05PM ET",3.685,"PIT"
"SP","Josh Lindblom",4100,"NYM@PIT 07:05PM ET",3.163,"PIT"
"RP","Felipe Rivero",4100,"NYM@PIT 07:05PM ET",4.012,"PIT"
"RP","Daniel Hudson",4100,"NYM@PIT 07:05PM ET",1.466,"PIT"
"RP","Antonio Bastardo",4100,"NYM@PIT 07:05PM ET",-2.033,"PIT"
"RP","Tony Watson",4100,"NYM@PIT 07:05PM ET",2.564,"PIT"
"SP","Paolo Espino",4100,"ARI@MIL 08:10PM ET",8,"MIL"
"RP","Oliver Drake",4100,"ARI@MIL 08:10PM ET",2.755,"MIL"
"RP","Jacob Barnes",4100,"ARI@MIL 08:10PM ET",2.954,"MIL"
"RP","Carlos Torres",4100,"ARI@MIL 08:10PM ET",2.644,"MIL"
"RP","Jared Hughes",4100,"ARI@MIL 08:10PM ET",1.5,"MIL"
"RP","Rob Scahill",4100,"ARI@MIL 08:10PM ET",2.229,"MIL"
"RP","David Goforth",4100,"ARI@MIL 08:10PM ET",1.65,"MIL"
"RP","Neftali Feliz",4100,"ARI@MIL 08:10PM ET",2.124,"MIL"
"RP","Corey Knebel",4100,"ARI@MIL 08:10PM ET",4.657,"MIL"
"RP","T.J. McFarland",4100,"ARI@MIL 08:10PM ET",3.367,"ARI"
"RP","Fernando Rodney",4100,"ARI@MIL 08:10PM ET",1.839,"ARI"
"RP","J.J. Hoover",4100,"ARI@MIL 08:10PM ET",3.563,"ARI"
"RP","Tom Wilhelmsen",4100,"ARI@MIL 08:10PM ET",1.77,"ARI"
"RP","Andrew Chafin",4100,"ARI@MIL 08:10PM ET",3.65,"ARI"
"SP","Jorge De La Rosa",4100,"ARI@MIL 08:10PM ET",2.318,"ARI"
"RP","Silvino Bracho",4100,"ARI@MIL 08:10PM ET",0.75,"ARI"
"RP","Jake Barrett",4100,"ARI@MIL 08:10PM ET",0,"ARI"
"SS","Carlos Correa",4100,"BAL@HOU 08:10PM ET",8.268,"HOU"
"RP","Brad Brach",4100,"BAL@HOU 08:10PM ET",2.928,"BAL"
"RP","Darren O'Day",4100,"BAL@HOU 08:10PM ET",2.887,"BAL"
"RP","Richard Bleier",4100,"BAL@HOU 08:10PM ET",2.914,"BAL"
"RP","Stefan Crichton",4100,"BAL@HOU 08:10PM ET",1.43,"BAL"
"RP","Mychal Givens",4100,"BAL@HOU 08:10PM ET",3.681,"BAL"
"OF","Aaron Altherr",4100,"CIN@PHI 07:05PM ET",9,"PHI"
"2B","Jose Peraza",4100,"CIN@PHI 07:05PM ET",6.864,"CIN"
"2B/OF","Ben Zobrist",4100,"CHC@LAD 10:10PM ET",6.575,"CHC"
"SP","Ross Stripling",4100,"CHC@LAD 10:10PM ET",4.929,"LAD"
"SP","Brock Stewart",4100,"CHC@LAD 10:10PM ET",0,"LAD"
"RP","Brian Duensing",4100,"CHC@LAD 10:10PM ET",4.103,"CHC"
"RP","Hector Rondon",4100,"CHC@LAD 10:10PM ET",2.631,"CHC"
"RP","Justin Grimm",4100,"CHC@LAD 10:10PM ET",2.096,"CHC"
"RP","Koji Uehara",4100,"CHC@LAD 10:10PM ET",2.871,"CHC"
"RP","Felix Pena",4100,"CHC@LAD 10:10PM ET",5.225,"CHC"
"RP","Dylan Floro",4100,"CHC@LAD 10:10PM ET",2.925,"CHC"
"RP","Carl Edwards Jr.",4100,"CHC@LAD 10:10PM ET",3.641,"CHC"
"RP","Pedro Strop",4100,"CHC@LAD 10:10PM ET",2.055,"CHC"
"RP","Wade Davis",4100,"CHC@LAD 10:10PM ET",4.466,"CHC"
"RP","Sergio Romo",4100,"CHC@LAD 10:10PM ET",1.721,"LAD"
"RP","Chris Hatcher",4100,"CHC@LAD 10:10PM ET",4.8,"LAD"
"RP","Kenley Jansen",4100,"CHC@LAD 10:10PM ET",5.594,"LAD"
"RP","Luis Avilan",4100,"CHC@LAD 10:10PM ET",2.172,"LAD"
"RP","Pedro Baez",4100,"CHC@LAD 10:10PM ET",3.311,"LAD"
"RP","Josh Fields",4100,"CHC@LAD 10:10PM ET",4.073,"LAD"
"RP","Josh Ravin",4100,"CHC@LAD 10:10PM ET",0,"LAD"
"RP","Adam Liberatore",4100,"CHC@LAD 10:10PM ET",0.9,"LAD"
"RP","Grant Dayton",4100,"CHC@LAD 10:10PM ET",1.857,"LAD"
"2B","Kolten Wong",4100,"STL@COL 08:40PM ET",6.923,"STL"
"RP","Seung Hwan Oh",4100,"STL@COL 08:40PM ET",2.938,"STL"
"RP","Trevor Rosenthal",4100,"STL@COL 08:40PM ET",4.556,"STL"
"RP","Jonathan Broxton",4100,"STL@COL 08:40PM ET",0.859,"STL"
"RP","Matt Bowman",4100,"STL@COL 08:40PM ET",2.75,"STL"
"RP","Kevin Siegrist",4100,"STL@COL 08:40PM ET",1.697,"STL"
"RP","Miguel Socolovich",4100,"STL@COL 08:40PM ET",1.646,"STL"
"RP","Tyler Lyons",4100,"STL@COL 08:40PM ET",3.533,"STL"
"RP","Brett Cecil",4100,"STL@COL 08:40PM ET",1.493,"STL"
"RP","Sam Tuivailala",4100,"STL@COL 08:40PM ET",3.115,"STL"
"SP","Christian Friedrich",4100,"SD@WAS 07:05PM ET",0,"SD"
"SP","Jake Esch",4100,"SD@WAS 07:05PM ET",-1.2,"SD"
"RP","Kevin Quackenbush",4100,"SD@WAS 07:05PM ET",3.222,"SD"
"RP","Brad Hand",4100,"SD@WAS 07:05PM ET",4.595,"SD"
"RP","Jose M. Torres",4100,"SD@WAS 07:05PM ET",3.459,"SD"
"RP","Miguel Diaz",4100,"SD@WAS 07:05PM ET",1.319,"SD"
"RP","Buddy Baumann",4100,"SD@WAS 07:05PM ET",0,"SD"
"SP","Cesar Vargas",4100,"SD@WAS 07:05PM ET",0,"SD"
"RP","Brandon Maurer",4100,"SD@WAS 07:05PM ET",2.426,"SD"
"RP","Ryan Buchter",4100,"SD@WAS 07:05PM ET",3.361,"SD"
"RP","Kirby Yates",4100,"SD@WAS 07:05PM ET",2.877,"SD"
"RP","Craig Stammen",4100,"SD@WAS 07:05PM ET",3.538,"SD"
"RP","Carter Capps",4100,"SD@WAS 07:05PM ET",0,"SD"
"RP","Koda Glover",4100,"SD@WAS 07:05PM ET",2.319,"WAS"
"RP","Enny Romero",4100,"SD@WAS 07:05PM ET",2.326,"WAS"
"RP","Sammy Solis",4100,"SD@WAS 07:05PM ET",0.592,"WAS"
"RP","Shawn Kelley",4100,"SD@WAS 07:05PM ET",3.047,"WAS"
"RP","Joe Blanton",4100,"SD@WAS 07:05PM ET",0.768,"WAS"
"RP","Blake Treinen",4100,"SD@WAS 07:05PM ET",1.164,"WAS"
"RP","Matt Grace",4100,"SD@WAS 07:05PM ET",1.133,"WAS"
"RP","Oliver Perez",4100,"SD@WAS 07:05PM ET",1.492,"WAS"
"OF","Ender Inciarte",4100,"ATL@SF 10:15PM ET",8.795,"ATL"
"3B","Mike Moustakas",4000,"KC@CLE 07:10PM ET",7.683,"KC"
"OF","Brandon Moss",4000,"KC@CLE 07:10PM ET",6.387,"KC"
"1B","Carlos Santana",4000,"KC@CLE 07:10PM ET",7.978,"CLE"
"RP","Carlos Frias",4000,"KC@CLE 07:10PM ET",0,"CLE"
"RP","Dan Otero",4000,"KC@CLE 07:10PM ET",2.372,"CLE"
"RP","Bryan Shaw",4000,"KC@CLE 07:10PM ET",2.95,"CLE"
"RP","Shawn Armstrong",4000,"KC@CLE 07:10PM ET",3.644,"CLE"
"RP","Zach McAllister",4000,"KC@CLE 07:10PM ET",5.492,"CLE"
"RP","Cody Allen",4000,"KC@CLE 07:10PM ET",3.873,"CLE"
"RP","Joe Colon",4000,"KC@CLE 07:10PM ET",0,"CLE"
"RP","Boone Logan",4000,"KC@CLE 07:10PM ET",1.718,"CLE"
"RP","Andrew Miller",4000,"KC@CLE 07:10PM ET",5.83,"CLE"
"RP","Nick Goody",4000,"KC@CLE 07:10PM ET",4.164,"CLE"
"OF","Steven Souza Jr.",4000,"TB@MIN 08:10PM ET",7.744,"TB"
"RP","Justin Haley",4000,"TB@MIN 08:10PM ET",3.588,"MIN"
"RP","Ryan Pressly",4000,"TB@MIN 08:10PM ET",2.319,"MIN"
"RP","Matt Belisle",4000,"TB@MIN 08:10PM ET",0.897,"MIN"
"RP","Brandon Kintzler",4000,"TB@MIN 08:10PM ET",2.913,"MIN"
"RP","Drew Rucinski",4000,"TB@MIN 08:10PM ET",9.9,"MIN"
"RP","Craig Breslow",4000,"TB@MIN 08:10PM ET",2.379,"MIN"
"RP","Ryan O'Rourke",4000,"TB@MIN 08:10PM ET",0,"MIN"
"RP","Buddy Boshers",4000,"TB@MIN 08:10PM ET",2.775,"MIN"
"RP","Michael Tonkin",4000,"TB@MIN 08:10PM ET",2.194,"MIN"
"RP","Taylor Rogers",4000,"TB@MIN 08:10PM ET",1.75,"MIN"
"RP","Glen Perkins",4000,"TB@MIN 08:10PM ET",0,"MIN"
"RP","Ryne Stanek",4000,"TB@MIN 08:10PM ET",2.033,"TB"
"SS","Elvis Andrus",4000,"TEX@TOR 07:07PM ET",7.652,"TEX"
"2B","Devon Travis",4000,"TEX@TOR 07:07PM ET",6.366,"TOR"
"SP","Cesar Valdez",4000,"TEX@TOR 07:07PM ET",0.37,"TOR"
"RP","TJ House",4000,"TEX@TOR 07:07PM ET",0,"TOR"
"OF","Mitch Haniger",4000,"SEA@BOS 07:10PM ET",11.429,"SEA"
"RP","Henry Owens",4000,"SEA@BOS 07:10PM ET",0,"BOS"
"SP","Brandon Workman",4000,"SEA@BOS 07:10PM ET",7.15,"BOS"
"RP","Craig Kimbrel",4000,"SEA@BOS 07:10PM ET",6.045,"BOS"
"RP","Matt Barnes",4000,"SEA@BOS 07:10PM ET",3.393,"BOS"
"RP","Heath Hembree",4000,"SEA@BOS 07:10PM ET",2.255,"BOS"
"RP","Noe Ramirez",4000,"SEA@BOS 07:10PM ET",6.05,"BOS"
"RP","Fernando Abad",4000,"SEA@BOS 07:10PM ET",2.413,"BOS"
"SP","Joe Kelly",4000,"SEA@BOS 07:10PM ET",3.466,"BOS"
"RP","Ben Taylor",4000,"SEA@BOS 07:10PM ET",2.105,"BOS"
"RP","Robbie Ross Jr.",4000,"SEA@BOS 07:10PM ET",1.531,"BOS"
"RP","Tyler Thornburg",4000,"SEA@BOS 07:10PM ET",0,"BOS"
"RP","Robby Scott",4000,"SEA@BOS 07:10PM ET",1.826,"BOS"
"RP","Carson Smith",4000,"SEA@BOS 07:10PM ET",0,"BOS"
"2B","Jed Lowrie",4000,"OAK@NYY 07:05PM ET",7.756,"OAK"
"1B","Chris Carter",4000,"OAK@NYY 07:05PM ET",5.313,"NYY"
"1B","Yonder Alonso",4000,"OAK@NYY 07:05PM ET",8.667,"OAK"
"RP","Zach Neal",4000,"OAK@NYY 07:05PM ET",0,"OAK"
"RP","Jonathan Holder",4000,"OAK@NYY 07:05PM ET",3.118,"NYY"
"RP","Tommy Layne",4000,"OAK@NYY 07:05PM ET",0.725,"NYY"
"RP","Tyler Clippard",4000,"OAK@NYY 07:05PM ET",3.907,"NYY"
"RP","Aroldis Chapman",4000,"OAK@NYY 07:05PM ET",3.793,"NYY"
"RP","Chasen Shreve",4000,"OAK@NYY 07:05PM ET",4.58,"NYY"
"RP","Dellin Betances",4000,"OAK@NYY 07:05PM ET",5.169,"NYY"
"RP","Randall Delgado",4000,"ARI@MIL 08:10PM ET",5,"ARI"
"SP","Miguel Castro",4000,"BAL@HOU 08:10PM ET",3.475,"BAL"
"RP","Jandel Gustave",4000,"BAL@HOU 08:10PM ET",0.342,"HOU"
"RP","Michael Feliz",4000,"BAL@HOU 08:10PM ET",4.432,"HOU"
"RP","Ken Giles",4000,"BAL@HOU 08:10PM ET",3.263,"HOU"
"RP","Dayan Diaz",4000,"BAL@HOU 08:10PM ET",-0.3,"HOU"
"RP","Chris Devenski",4000,"BAL@HOU 08:10PM ET",8.288,"HOU"
"RP","Luke Gregerson",4000,"BAL@HOU 08:10PM ET",2.063,"HOU"
"RP","Tony Sipp",4000,"BAL@HOU 08:10PM ET",2.632,"HOU"
"RP","Will Harris",4000,"BAL@HOU 08:10PM ET",3.276,"HOU"
"RP","Jordan Jankowski",4000,"BAL@HOU 08:10PM ET",3.05,"HOU"
"RP","James Hoyt",4000,"BAL@HOU 08:10PM ET",6.328,"HOU"
"SP","Pierce Johnson",4000,"CHC@LAD 10:10PM ET",4.45,"CHC"
"1B","Albert Pujols",4000,"LAA@MIA 07:10PM ET",7.295,"LAA"
"RP","Drew Steckenrider",4000,"LAA@MIA 07:10PM ET",3.65,"MIA"
"OF","Gerardo Parra",4000,"STL@COL 08:40PM ET",5.462,"COL"
"RP","Jairo Diaz",4000,"STL@COL 08:40PM ET",0,"COL"
"RP","Chad Qualls",4000,"STL@COL 08:40PM ET",1.255,"COL"
"RP","Scott Oberg",4000,"STL@COL 08:40PM ET",1.802,"COL"
"RP","Jake McGee",4000,"STL@COL 08:40PM ET",3.774,"COL"
"SP","Jordan Lyles",4000,"STL@COL 08:40PM ET",1.646,"COL"
"RP","Carlos Estevez",4000,"STL@COL 08:40PM ET",2.411,"COL"
"RP","Shane Carle",4000,"STL@COL 08:40PM ET",4.25,"COL"
"RP","Mike Dunn",4000,"STL@COL 08:40PM ET",2.332,"COL"
"RP","Adam Ottavino",4000,"STL@COL 08:40PM ET",2.82,"COL"
"RP","Greg Holland",4000,"STL@COL 08:40PM ET",4.05,"COL"
"1B/C","Buster Posey",4000,"ATL@SF 10:15PM ET",8.184,"SF"
"OF","Jorge Bonifacio",3900,"KC@CLE 07:10PM ET",6.393,"KC"
"2B","Rougned Odor",3900,"TEX@TOR 07:07PM ET",6.489,"TEX"
"1B","Kendrys Morales",3900,"TEX@TOR 07:07PM ET",7.07,"TOR"
"SS","Troy Tulowitzki",3900,"TEX@TOR 07:07PM ET",6,"TOR"
"OF","Shin-soo Choo",3900,"TEX@TOR 07:07PM ET",7.317,"TEX"
"2B/3B","Josh Harrison",3900,"NYM@PIT 07:05PM ET",7.333,"PIT"
"OF","Domingo Santana",3900,"ARI@MIL 08:10PM ET",7.512,"MIL"
"3B/OF","Hernan Perez",3900,"ARI@MIL 08:10PM ET",7.15,"MIL"
"2B/OF","Scooter Gennett",3900,"CIN@PHI 07:05PM ET",5.053,"CIN"
"1B/OF","Cody Bellinger",3900,"CHC@LAD 10:10PM ET",10.214,"LAD"
"OF","Marcell Ozuna",3900,"LAA@MIA 07:10PM ET",8.822,"MIA"
"C","Yadier Molina",3900,"STL@COL 08:40PM ET",6.868,"STL"
"OF","Hunter Pence",3900,"ATL@SF 10:15PM ET",5.649,"SF"
"2B","Brad Miller",3800,"TB@MIN 08:10PM ET",6.525,"TB"
"3B","Adrian Beltre",3800,"TEX@TOR 07:07PM ET",0,"TEX"
"C","Jonathan Lucroy",3800,"TEX@TOR 07:07PM ET",5.794,"TEX"
"OF","Jacoby Ellsbury",3800,"OAK@NYY 07:05PM ET",7.25,"NYY"
"1B","Matt Holliday",3800,"OAK@NYY 07:05PM ET",7.512,"NYY"
"1B","Lucas Duda",3800,"NYM@PIT 07:05PM ET",6.792,"NYM"
"SS","Asdrubal Cabrera",3800,"NYM@PIT 07:05PM ET",7,"NYM"
"3B","David Wright",3800,"NYM@PIT 07:05PM ET",0,"NYM"
"2B","Brandon Drury",3800,"ARI@MIL 08:10PM ET",6.881,"ARI"
"3B","Maikel Franco",3800,"CIN@PHI 07:05PM ET",6.683,"PHI"
"2B","Ian Happ",3800,"CHC@LAD 10:10PM ET",9.5,"CHC"
"C","J.T. Realmuto",3800,"LAA@MIA 07:10PM ET",7.103,"MIA"
"OF","Christian Yelich",3800,"LAA@MIA 07:10PM ET",7.628,"MIA"
"SS","Andrelton Simmons",3800,"LAA@MIA 07:10PM ET",6.429,"LAA"
"3B/OF","Eduardo Nunez",3800,"ATL@SF 10:15PM ET",7.111,"SF"
"OF","Lorenzo Cain",3700,"KC@CLE 07:10PM ET",7.295,"KC"
"2B","Whit Merrifield",3700,"KC@CLE 07:10PM ET",6.767,"KC"
"OF","Lonnie Chisenhall",3700,"KC@CLE 07:10PM ET",6.824,"CLE"
"2B/3B","Jose Ramirez",3700,"KC@CLE 07:10PM ET",7.568,"CLE"
"3B","Evan Longoria",3700,"TB@MIN 08:10PM ET",7.064,"TB"
"OF","Robbie Grossman",3700,"TB@MIN 08:10PM ET",7.088,"MIN"
"1B","Mike Napoli",3700,"TEX@TOR 07:07PM ET",6.841,"TEX"
"3B","Pablo Sandoval",3700,"SEA@BOS 07:10PM ET",6.235,"BOS"
"SS","Jordy Mercer",3700,"NYM@PIT 07:05PM ET",5.622,"PIT"
"1B","Josh Bell",3700,"NYM@PIT 07:05PM ET",6.766,"PIT"
"3B","Alex Bregman",3700,"BAL@HOU 08:10PM ET",6.289,"HOU"
"OF","Josh Reddick",3700,"BAL@HOU 08:10PM ET",7.136,"HOU"
"C","Welington Castillo",3700,"BAL@HOU 08:10PM ET",8.28,"BAL"
"OF","Phillip Ervin",3700,"CIN@PHI 07:05PM ET",0.667,"CIN"
"3B","Jhonny Peralta",3700,"STL@COL 08:40PM ET",2.75,"STL"
"OF","Tommy Pham",3700,"STL@COL 08:40PM ET",9.533,"STL"
"SS","Pat Valaika",3700,"STL@COL 08:40PM ET",4.429,"COL"
"OF","Jayson Werth",3700,"SD@WAS 07:05PM ET",8.211,"WAS"
"1B/OF","Brandon Belt",3700,"ATL@SF 10:15PM ET",7.826,"SF"
"1B","Eric Hosmer",3600,"KC@CLE 07:10PM ET",7.087,"KC"
"OF","Bradley Zimmer",3600,"KC@CLE 07:10PM ET",6.875,"CLE"
"C","Wilson Ramos",3600,"TB@MIN 08:10PM ET",0,"TB"
"1B","Joe Mauer",3600,"TB@MIN 08:10PM ET",6.395,"MIN"
"OF","Byron Buxton",3600,"TB@MIN 08:10PM ET",4.8,"MIN"
"OF","Carlos Gomez",3600,"TEX@TOR 07:07PM ET",7.553,"TEX"
"OF","Leonys Martin",3600,"SEA@BOS 07:10PM ET",3.867,"SEA"
"OF","Matt Joyce",3600,"OAK@NYY 07:05PM ET",5.575,"OAK"
"OF","Curtis Granderson",3600,"NYM@PIT 07:05PM ET",5.419,"NYM"
"C/OF","Chris Herrmann",3600,"ARI@MIL 08:10PM ET",4,"ARI"
"OF","Rey Fuentes",3600,"ARI@MIL 08:10PM ET",3.125,"ARI"
"3B/OF","Marwin Gonzalez",3600,"BAL@HOU 08:10PM ET",7.692,"HOU"
"OF","George Springer",3600,"BAL@HOU 08:10PM ET",8.048,"HOU"
"2B","Cesar Hernandez",3600,"CIN@PHI 07:05PM ET",8.227,"PHI"
"3B/SS","Greg Garcia",3600,"STL@COL 08:40PM ET",2.971,"STL"
"2B","Joe Panik",3600,"ATL@SF 10:15PM ET",5.889,"SF"
"C","Salvador Perez",3500,"KC@CLE 07:10PM ET",7.636,"KC"
"C","Yan Gomes",3500,"KC@CLE 07:10PM ET",5.909,"CLE"
"OF","Kevin Kiermaier",3500,"TB@MIN 08:10PM ET",6.51,"TB"
"OF","Colby Rasmus",3500,"TB@MIN 08:10PM ET",7.556,"TB"
"1B","Kennys Vargas",3500,"TB@MIN 08:10PM ET",7.667,"MIN"
"OF","Ben Gamel",3500,"SEA@BOS 07:10PM ET",7.808,"SEA"
"3B","Kyle Seager",3500,"SEA@BOS 07:10PM ET",6.386,"SEA"
"1B","Greg Bird",3500,"OAK@NYY 07:05PM ET",3.842,"NYY"
"1B/3B","Ryon Healy",3500,"OAK@NYY 07:05PM ET",6.689,"OAK"
"OF","Rajai Davis",3500,"OAK@NYY 07:05PM ET",6.171,"OAK"
"2B","Starlin Castro",3500,"OAK@NYY 07:05PM ET",8.727,"NYY"
"1B/3B","Wilmer Flores",3500,"NYM@PIT 07:05PM ET",5.767,"NYM"
"2B","Neil Walker",3500,"NYM@PIT 07:05PM ET",7.209,"NYM"
"OF","Nick Franklin",3500,"ARI@MIL 08:10PM ET",2.344,"MIL"
"OF","Jeremy Hazelbaker",3500,"ARI@MIL 08:10PM ET",2.952,"ARI"
"SS","Nick Ahmed",3500,"ARI@MIL 08:10PM ET",5.686,"ARI"
"1B/OF","Trey Mancini",3500,"BAL@HOU 08:10PM ET",7.394,"BAL"
"OF","Seth Smith",3500,"BAL@HOU 08:10PM ET",6.742,"BAL"
"OF","Michael Saunders",3500,"CIN@PHI 07:05PM ET",5.814,"PHI"
"OF","Howie Kendrick",3500,"CIN@PHI 07:05PM ET",8.5,"PHI"
"C","Yasmani Grandal",3500,"CHC@LAD 10:10PM ET",6.902,"LAD"
"1B","C.J. Cron",3500,"LAA@MIA 07:10PM ET",4.48,"LAA"
"1B/OF","Jose Martinez",3500,"STL@COL 08:40PM ET",4.75,"STL"
"OF","Raimel Tapia",3500,"STL@COL 08:40PM ET",0.333,"COL"
"OF","Stephen Cardullo",3500,"STL@COL 08:40PM ET",2,"COL"
"OF","Michael A. Taylor",3500,"SD@WAS 07:05PM ET",5.441,"WAS"
"1B","Wil Myers",3500,"SD@WAS 07:05PM ET",8.729,"SD"
"OF","Denard Span",3500,"ATL@SF 10:15PM ET",6.542,"SF"
"OF","Jorge Soler",3400,"KC@CLE 07:10PM ET",4.063,"KC"
"2B/3B","Matt Duffy",3400,"TB@MIN 08:10PM ET",0,"TB"
"OF","Steve Pearce",3400,"TEX@TOR 07:07PM ET",4.778,"TOR"
"2B/OF","Brock Holt",3400,"SEA@BOS 07:10PM ET",3.333,"BOS"
"OF","Chris Young",3400,"SEA@BOS 07:10PM ET",5.636,"BOS"
"SS","Marcus Semien",3400,"OAK@NYY 07:05PM ET",6.909,"OAK"
"OF","Mark Canha",3400,"OAK@NYY 07:05PM ET",6.588,"OAK"
"C","Evan Gattis",3400,"BAL@HOU 08:10PM ET",6.7,"HOU"
"C","Brian McCann",3400,"BAL@HOU 08:10PM ET",8.167,"HOU"
"1B","Rhys Hoskins",3400,"CIN@PHI 07:05PM ET",0,"PHI"
"1B","Tommy Joseph",3400,"CIN@PHI 07:05PM ET",6.6,"PHI"
"OF","Jason Heyward",3400,"CHC@LAD 10:10PM ET",7.063,"CHC"
"2B","Chris Taylor",3400,"CHC@LAD 10:10PM ET",7.25,"LAD"
"OF","Yasiel Puig",3400,"CHC@LAD 10:10PM ET",7.356,"LAD"
"3B","Martin Prado",3400,"LAA@MIA 07:10PM ET",6.588,"MIA"
"OF","Harrison Bader",3400,"STL@COL 08:40PM ET",0,"STL"
"OF","Magneuris Sierra",3400,"STL@COL 08:40PM ET",8.857,"STL"
"C","Dustin Garneau",3400,"STL@COL 08:40PM ET",4.318,"COL"
"SS","Brandon Crawford",3400,"ATL@SF 10:15PM ET",6.5,"SF"
"SS","Dansby Swanson",3400,"ATL@SF 10:15PM ET",5.628,"ATL"
"OF","Billy Burns",3300,"KC@CLE 07:10PM ET",0,"KC"
"OF","Paulo Orlando",3300,"KC@CLE 07:10PM ET",3,"KC"
"OF","Abraham Almonte",3300,"KC@CLE 07:10PM ET",4.515,"CLE"
"SS","Jorge Polanco",3300,"TB@MIN 08:10PM ET",6.513,"MIN"
"OF","Delino DeShields",3300,"TEX@TOR 07:07PM ET",6.429,"TEX"
"1B","Danny Valencia",3300,"SEA@BOS 07:10PM ET",6.024,"SEA"
"3B","Trevor Plouffe",3300,"OAK@NYY 07:05PM ET",5.644,"OAK"
"3B","David Freese",3300,"NYM@PIT 07:05PM ET",6.448,"PIT"
"2B","Alen Hanson",3300,"NYM@PIT 07:05PM ET",2.121,"PIT"
"1B","Jesus Aguilar",3300,"ARI@MIL 08:10PM ET",3.952,"MIL"
"SS","Orlando Arcia",3300,"ARI@MIL 08:10PM ET",5.643,"MIL"
"OF","Socrates Brito",3300,"ARI@MIL 08:10PM ET",0,"ARI"
"OF","Derek Fisher",3300,"BAL@HOU 08:10PM ET",0,"HOU"
"2B","Jonathan Schoop",3300,"BAL@HOU 08:10PM ET",7.023,"BAL"
"OF","Joey Rickard",3300,"BAL@HOU 08:10PM ET",4.083,"BAL"
"OF","Odubel Herrera",3300,"CIN@PHI 07:05PM ET",5.977,"PHI"
"C","Willson Contreras",3300,"CHC@LAD 10:10PM ET",5.875,"CHC"
"3B","Justin Turner",3300,"CHC@LAD 10:10PM ET",8.35,"LAD"
"OF","Albert Almora Jr.",3300,"CHC@LAD 10:10PM ET",4.154,"CHC"
"2B/3B","Logan Forsythe",3300,"CHC@LAD 10:10PM ET",5.294,"LAD"
"1B","Jefry Marte",3300,"LAA@MIA 07:10PM ET",4.69,"LAA"
"C","Carson Kelly",3300,"STL@COL 08:40PM ET",0,"STL"
"C","Tom Murphy",3300,"STL@COL 08:40PM ET",0,"COL"
"1B","Adam Lind",3300,"SD@WAS 07:05PM ET",4.815,"WAS"
"C","Matt Wieters",3300,"SD@WAS 07:05PM ET",6.861,"WAS"
"OF","Nick Markakis",3300,"ATL@SF 10:15PM ET",7.386,"ATL"
"1B/OF","Matt Adams",3300,"ATL@SF 10:15PM ET",3.886,"ATL"
"3B","Cheslor Cuthbert",3200,"KC@CLE 07:10PM ET",2.579,"KC"
"OF","Brandon Guyer",3200,"KC@CLE 07:10PM ET",3.286,"CLE"
"C","Russell Martin",3200,"TEX@TOR 07:07PM ET",6.037,"TOR"
"2B/SS","Taylor Motter",3200,"SEA@BOS 07:10PM ET",5.95,"SEA"
"1B/2B","Rob Refsnyder",3200,"OAK@NYY 07:05PM ET",1.333,"NYY"
"C","Stephen Vogt",3200,"OAK@NYY 07:05PM ET",4.471,"OAK"
"3B","Chase Headley",3200,"OAK@NYY 07:05PM ET",7.071,"NYY"
"C","Travis d'Arnaud",3200,"NYM@PIT 07:05PM ET",6.043,"NYM"
"C","Manny Pina",3200,"ARI@MIL 08:10PM ET",6.68,"MIL"
"OF","Kirk Nieuwenhuis",3200,"ARI@MIL 08:10PM ET",2.2,"MIL"
"C","Andrew Susac",3200,"ARI@MIL 08:10PM ET",0,"MIL"
"C","Jett Bandy",3200,"ARI@MIL 08:10PM ET",7.296,"MIL"
"OF","Gregor Blanco",3200,"ARI@MIL 08:10PM ET",4.267,"ARI"
"OF","Carlos Beltran",3200,"BAL@HOU 08:10PM ET",5.833,"HOU"
"OF","Peter O'Brien",3200,"CIN@PHI 07:05PM ET",0,"CIN"
"C","Cameron Rupp",3200,"CIN@PHI 07:05PM ET",6.724,"PHI"
"C","Andrew Knapp",3200,"CIN@PHI 07:05PM ET",5.389,"PHI"
"OF","Daniel Nava",3200,"CIN@PHI 07:05PM ET",4.931,"PHI"
"2B/OF","Arismendy Alcantara",3200,"CIN@PHI 07:05PM ET",2.552,"CIN"
"SS","Addison Russell",3200,"CHC@LAD 10:10PM ET",6.488,"CHC"
"3B","Derek Dietrich",3200,"LAA@MIA 07:10PM ET",4.45,"MIA"
"OF","Ben Revere",3200,"LAA@MIA 07:10PM ET",4.303,"LAA"
"C","Eric Fryer",3200,"STL@COL 08:40PM ET",2.214,"STL"
"C","Tony Wolters",3200,"STL@COL 08:40PM ET",6.12,"COL"
"3B","Ryan Schimpf",3200,"SD@WAS 07:05PM ET",6.535,"SD"
"C","Tyler Flowers",3200,"ATL@SF 10:15PM ET",6.219,"ATL"
"3B","Adonis Garcia",3200,"ATL@SF 10:15PM ET",6.412,"ATL"
"OF","Alex Gordon",3100,"KC@CLE 07:10PM ET",4.25,"KC"
"1B","Jake Bauers",3100,"TB@MIN 08:10PM ET",0,"TB"
"OF","Jurickson Profar",3100,"TEX@TOR 07:07PM ET",3.133,"TEX"
"C","Mike Zunino",3100,"SEA@BOS 07:10PM ET",3.556,"SEA"
"OF","Jarrod Dyson",3100,"SEA@BOS 07:10PM ET",6.545,"SEA"
"OF","Andrew McCutchen",3100,"NYM@PIT 07:05PM ET",6.63,"PIT"
"C","Francisco Cervelli",3100,"NYM@PIT 07:05PM ET",6.211,"PIT"
"2B","Eric Sogard",3100,"ARI@MIL 08:10PM ET",10.7,"MIL"
"OF","Hyun Soo Kim",3100,"BAL@HOU 08:10PM ET",3.636,"BAL"
"1B","Adrian Gonzalez",3100,"CHC@LAD 10:10PM ET",4.714,"LAD"
"OF","Joc Pederson",3100,"CHC@LAD 10:10PM ET",5.389,"LAD"
"OF","Franklin Gutierrez",3100,"CHC@LAD 10:10PM ET",3.526,"LAD"
"3B","Yunel Escobar",3100,"LAA@MIA 07:10PM ET",7.308,"LAA"
"OF","Kole Calhoun",3100,"LAA@MIA 07:10PM ET",6.043,"LAA"
"1B/3B","Luis Valbuena",3100,"LAA@MIA 07:10PM ET",4.65,"LAA"
"OF/SS","Alexi Amarista",3100,"STL@COL 08:40PM ET",5.76,"COL"
"OF","Hunter Renfroe",3100,"SD@WAS 07:05PM ET",6.532,"SD"
"OF","Jarrett Parker",3100,"ATL@SF 10:15PM ET",2.667,"SF"
"OF","Tyler Naquin",3000,"KC@CLE 07:10PM ET",3.667,"CLE"
"1B","Ryan O'Hearn",3000,"KC@CLE 07:10PM ET",0,"KC"
"OF","Austin Jackson",3000,"KC@CLE 07:10PM ET",5.167,"CLE"
"1B/OF","Ryan Rua",3000,"TEX@TOR 07:07PM ET",4.485,"TEX"
"C","Robinson Chirinos",3000,"TEX@TOR 07:07PM ET",8.588,"TEX"
"OF","Dalton Pompey",3000,"TEX@TOR 07:07PM ET",0,"TOR"
"1B","Rowdy Tellez",3000,"TEX@TOR 07:07PM ET",0,"TOR"
"2B/SS","Shawn O'Malley",3000,"SEA@BOS 07:10PM ET",0,"SEA"
"OF","Steve Selsky",3000,"SEA@BOS 07:10PM ET",0.625,"BOS"
"3B/SS","Marco Hernandez",3000,"SEA@BOS 07:10PM ET",3.619,"BOS"
"C","Sandy Leon",3000,"SEA@BOS 07:10PM ET",6.154,"BOS"
"OF","Brandon Nimmo",3000,"NYM@PIT 07:05PM ET",0,"NYM"
"1B/3B","T.J. Rivera",3000,"NYM@PIT 07:05PM ET",5.29,"NYM"
"OF","Jose Osuna",3000,"NYM@PIT 07:05PM ET",4.548,"PIT"
"SS","J.J. Hardy",3000,"BAL@HOU 08:10PM ET",4.881,"BAL"
"OF","Craig Gentry",3000,"BAL@HOU 08:10PM ET",2.303,"BAL"
"SS","Freddy Galvis",3000,"CIN@PHI 07:05PM ET",6.682,"PHI"
"OF","Jesse Winker",3000,"CIN@PHI 07:05PM ET",4.5,"CIN"
"OF","Jon Jay",3000,"CHC@LAD 10:10PM ET",4.342,"CHC"
"C","Miguel Montero",3000,"CHC@LAD 10:10PM ET",5.16,"CHC"
"C","Kurt Suzuki",3000,"ATL@SF 10:15PM ET",6.522,"ATL"
"OF","Terrance Gore",2900,"KC@CLE 07:10PM ET",0,"KC"
"SS","Erik Gonzalez",2900,"KC@CLE 07:10PM ET",1,"CLE"
"3B","Giovanny Urshela",2900,"KC@CLE 07:10PM ET",0,"CLE"
"1B","Rickie Weeks Jr.",2900,"TB@MIN 08:10PM ET",5.103,"TB"
"OF","Mallex Smith",2900,"TB@MIN 08:10PM ET",5.625,"TB"
"3B/SS","Eduardo Escobar",2900,"TB@MIN 08:10PM ET",5.857,"MIN"
"OF","Boog Powell",2900,"SEA@BOS 07:10PM ET",2,"SEA"
"C","Christian Vazquez",2900,"SEA@BOS 07:10PM ET",5.458,"BOS"
"C","Josh Phegley",2900,"OAK@NYY 07:05PM ET",3.944,"OAK"
"SS","Kevin Newman",2900,"NYM@PIT 07:05PM ET",0,"PIT"
"OF","Danny Ortiz",2900,"NYM@PIT 07:05PM ET",0.778,"PIT"
"1B/OF","John Jaso",2900,"NYM@PIT 07:05PM ET",3.744,"PIT"
"C","Chris Iannetta",2900,"ARI@MIL 08:10PM ET",5.273,"ARI"
"1B","Yuli Gurriel",2900,"BAL@HOU 08:10PM ET",5.878,"HOU"
"OF","Jake Marisnick",2900,"BAL@HOU 08:10PM ET",4.394,"HOU"
"OF","Norichika Aoki",2900,"BAL@HOU 08:10PM ET",4.485,"HOU"
"C","Devin Mesoraco",2900,"CIN@PHI 07:05PM ET",5.556,"CIN"
"1B/3B","Jeimer Candelario",2900,"CHC@LAD 10:10PM ET",3.167,"CHC"
"OF","Trayce Thompson",2900,"CHC@LAD 10:10PM ET",0,"LAD"
"1B/2B","Chase Utley",2900,"CHC@LAD 10:10PM ET",3.921,"LAD"
"2B","Danny Espinosa",2900,"LAA@MIA 07:10PM ET",4.326,"LAA"
"OF","Alex Dickerson",2900,"SD@WAS 07:05PM ET",0,"SD"
"OF","Brian Goodwin",2900,"SD@WAS 07:05PM ET",2.6,"WAS"
"SS","Wilmer Difo",2900,"SD@WAS 07:05PM ET",3.5,"WAS"
"OF","Mac Williamson",2900,"ATL@SF 10:15PM ET",6.286,"SF"
"C","Nick Hundley",2900,"ATL@SF 10:15PM ET",3.714,"SF"
"3B/OF","Yandy Diaz",2800,"KC@CLE 07:10PM ET",4.278,"CLE"
"C","Jesus Sucre",2800,"TB@MIN 08:10PM ET",6.235,"TB"
"OF","Peter Bourjos",2800,"TB@MIN 08:10PM ET",2.906,"TB"
"SS","Tim Beckham",2800,"TB@MIN 08:10PM ET",6.778,"TB"
"C","Jason Castro",2800,"TB@MIN 08:10PM ET",5.677,"MIN"
"OF","Eddie Rosario",2800,"TB@MIN 08:10PM ET",5.073,"MIN"
"3B","Chris Coghlan",2800,"TEX@TOR 07:07PM ET",3.207,"TOR"
"C","Brett Nicholas",2800,"TEX@TOR 07:07PM ET",0,"TEX"
"3B/SS","Pete Kozma",2800,"TEX@TOR 07:07PM ET",1.762,"TEX"
"OF","Jared Hoying",2800,"TEX@TOR 07:07PM ET",6.286,"TEX"
"C","Jarrod Saltalamacchia",2800,"TEX@TOR 07:07PM ET",0.7,"TOR"
"OF","Guillermo Heredia",2800,"SEA@BOS 07:10PM ET",5.618,"SEA"
"C","Carlos Ruiz",2800,"SEA@BOS 07:10PM ET",2.909,"SEA"
"1B","Sam Travis",2800,"SEA@BOS 07:10PM ET",8,"BOS"
"3B","Josh Rutledge",2800,"SEA@BOS 07:10PM ET",4.4,"BOS"
"SS","Gleyber Torres",2800,"OAK@NYY 07:05PM ET",0,"NYY"
"SS","Gavin Cecchini",2800,"NYM@PIT 07:05PM ET",0,"NYM"
"OF","Juan Lagares",2800,"NYM@PIT 07:05PM ET",2.9,"NYM"
"3B/OF","Daniel Descalso",2800,"ARI@MIL 08:10PM ET",3.921,"ARI"
"1B/OF","Brock Stassi",2800,"CIN@PHI 07:05PM ET",3,"PHI"
"OF","Andrew Toles",2800,"CHC@LAD 10:10PM ET",6.094,"LAD"
"OF/SS","Kike Hernandez",2800,"CHC@LAD 10:10PM ET",4.9,"LAD"
"C","Austin Barnes",2800,"CHC@LAD 10:10PM ET",5.545,"LAD"
"OF","Destin Hood",2800,"LAA@MIA 07:10PM ET",0,"MIA"
"C","Ryan Hanigan",2800,"STL@COL 08:40PM ET",5.667,"COL"
"2B/SS","Cristhian Adames",2800,"STL@COL 08:40PM ET",0.333,"COL"
"2B","Yangervis Solarte",2800,"SD@WAS 07:05PM ET",6.064,"SD"
"3B/SS","Stephen Drew",2800,"SD@WAS 07:05PM ET",3.75,"WAS"
"2B/SS","Kelby Tomlinson",2800,"ATL@SF 10:15PM ET",2.267,"SF"
"2B/OF","Danny Santana",2800,"ATL@SF 10:15PM ET",2.087,"ATL"
"3B/SS","Christian Arroyo",2800,"ATL@SF 10:15PM ET",5.586,"SF"
"C","Curt Casali",2700,"TB@MIN 08:10PM ET",0,"TB"
"C","Derek Norris",2700,"TB@MIN 08:10PM ET",5.378,"TB"
"SS","Ryan Goins",2700,"TEX@TOR 07:07PM ET",4.732,"TOR"
"OF","Darrell Ceciliani",2700,"TEX@TOR 07:07PM ET",8.333,"TOR"
"OF","Ezequiel Carrera",2700,"TEX@TOR 07:07PM ET",5.25,"TOR"
"C","Tuffy Gosewisch",2700,"SEA@BOS 07:10PM ET",0.909,"SEA"
"3B","Deven Marrero",2700,"SEA@BOS 07:10PM ET",4.125,"BOS"
"2B/SS","Chad Pinder",2700,"OAK@NYY 07:05PM ET",6.391,"OAK"
"OF","Jake Smolinski",2700,"OAK@NYY 07:05PM ET",0,"OAK"
"OF","Ryan LaMarre",2700,"OAK@NYY 07:05PM ET",0.667,"OAK"
"C","Kevin Plawecki",2700,"NYM@PIT 07:05PM ET",2.7,"NYM"
"2B/SS","Matt Reynolds",2700,"NYM@PIT 07:05PM ET",2,"NYM"
"2B/3B","Andres Blanco",2700,"CIN@PHI 07:05PM ET",2.125,"PHI"
"C","Tucker Barnhart",2700,"CIN@PHI 07:05PM ET",4.939,"CIN"
"2B/3B","Tommy La Stella",2700,"CHC@LAD 10:10PM ET",3.412,"CHC"
"3B/OF","Rob Segedin",2700,"CHC@LAD 10:10PM ET",2.5,"LAD"
"1B/OF","Tyler Moore",2700,"LAA@MIA 07:10PM ET",1.947,"MIA"
"OF","Ichiro Suzuki",2700,"LAA@MIA 07:10PM ET",1.526,"MIA"
"C","Tomas Telis",2700,"LAA@MIA 07:10PM ET",0,"MIA"
"2B/OF","Jace Peterson",2700,"ATL@SF 10:15PM ET",3.778,"ATL"
"2B","Micah Johnson",2700,"ATL@SF 10:15PM ET",0,"ATL"
"2B","Raul Mondesi",2600,"KC@CLE 07:10PM ET",4.133,"KC"
"C","Chris Gimenez",2600,"TB@MIN 08:10PM ET",3.4,"MIN"
"OF","Anthony Alford",2600,"TEX@TOR 07:07PM ET",1.25,"TOR"
"3B/SS","Ronald Torreyes",2600,"OAK@NYY 07:05PM ET",4.516,"NYY"
"C","Austin Romine",2600,"OAK@NYY 07:05PM ET",4.75,"NYY"
"C","Bruce Maxwell",2600,"OAK@NYY 07:05PM ET",2.444,"OAK"
"2B","Phil Gosselin",2600,"NYM@PIT 07:05PM ET",1.158,"PIT"
"2B","Chris Bostick",2600,"NYM@PIT 07:05PM ET",0.667,"PIT"
"C","Elias Diaz",2600,"NYM@PIT 07:05PM ET",3.5,"PIT"
"OF","Andre Ethier",2600,"CHC@LAD 10:10PM ET",0,"LAD"
"2B/SS","Christian Colon",2600,"LAA@MIA 07:10PM ET",1.8,"MIA"
"SS","JT Riddle",2600,"LAA@MIA 07:10PM ET",4.318,"MIA"
"2B/OF","Steve Lombardozzi",2600,"LAA@MIA 07:10PM ET",0,"MIA"
"SS","Adeiny Hechavarria",2600,"LAA@MIA 07:10PM ET",5,"MIA"
"OF","Travis Jankowski",2600,"SD@WAS 07:05PM ET",3.765,"SD"
"OF","Chris Heisey",2600,"SD@WAS 07:05PM ET",1.69,"WAS"
"OF","Matt Szczur",2600,"SD@WAS 07:05PM ET",3.111,"SD"
"2B/OF","Aaron Hill",2600,"ATL@SF 10:15PM ET",2.667,"SF"
"OF","Justin Ruggiano",2600,"ATL@SF 10:15PM ET",4.786,"SF"
"3B","Rio Ruiz",2600,"ATL@SF 10:15PM ET",6.286,"ATL"
"2B/3B","Daniel Robertson",2500,"TB@MIN 08:10PM ET",4.433,"TB"
"2B/SS","Hanser Alberto",2500,"TEX@TOR 07:07PM ET",0,"TEX"
"OF","Dwight Smith Jr.",2500,"TEX@TOR 07:07PM ET",2.333,"TOR"
"1B","Daniel Vogelbach",2500,"SEA@BOS 07:10PM ET",2.429,"SEA"
"2B/OF","Mike Freeman",2500,"SEA@BOS 07:10PM ET",1.813,"SEA"
"C","Rene Rivera",2500,"NYM@PIT 07:05PM ET",5.5,"NYM"
"3B/SS","Paul Janish",2500,"BAL@HOU 08:10PM ET",0,"BAL"
"C","Caleb Joseph",2500,"BAL@HOU 08:10PM ET",5.261,"BAL"
"2B/SS","Ryan Flaherty",2500,"BAL@HOU 08:10PM ET",3.462,"BAL"
"C","Francisco Pena",2500,"BAL@HOU 08:10PM ET",12,"BAL"
"1B/OF","Scott Van Slyke",2500,"CHC@LAD 10:10PM ET",2.276,"LAD"
"C","A.J. Ellis",2500,"LAA@MIA 07:10PM ET",3,"MIA"
"3B/OF","Chase d'Arnaud",2500,"SD@WAS 07:05PM ET",2.667,"SD"
"3B/OF","Cory Spangenberg",2500,"SD@WAS 07:05PM ET",5.333,"SD"
"OF","Gorkys Hernandez",2500,"ATL@SF 10:15PM ET",3,"SF"
"3B","Conor Gillaspie",2500,"ATL@SF 10:15PM ET",1.692,"SF"
"SS","Alcides Escobar",2400,"KC@CLE 07:10PM ET",3.587,"KC"
"OF","Daniel Robertson",2400,"KC@CLE 07:10PM ET",4.4,"CLE"
"C","Roberto Perez",2400,"KC@CLE 07:10PM ET",2.765,"CLE"
"2B/3B","Michael Martinez",2400,"TB@MIN 08:10PM ET",1.294,"TB"
"OF","Drew Stubbs",2400,"TEX@TOR 07:07PM ET",1,"TEX"
"C","Kyle Higashioka",2400,"OAK@NYY 07:05PM ET",0.889,"NYY"
"2B","Gift Ngoepe",2400,"NYM@PIT 07:05PM ET",3.652,"PIT"
"C","Jeff Mathis",2400,"ARI@MIL 08:10PM ET",3.88,"ARI"
"3B/SS","Luis Sardinas",2400,"BAL@HOU 08:10PM ET",1.5,"BAL"
"3B/OF","Ty Kelly",2400,"CIN@PHI 07:05PM ET",1.692,"PHI"
"OF","Patrick Kivlehan",2400,"CIN@PHI 07:05PM ET",2.1,"CIN"
"2B/OF","Mike Aviles",2400,"LAA@MIA 07:10PM ET",1.333,"MIA"
"2B/SS","Nolan Fontana",2400,"LAA@MIA 07:10PM ET",0,"LAA"
"C","Jose Lobaton",2400,"SD@WAS 07:05PM ET",3.583,"WAS"
"C","Christian Bethancourt",2400,"SD@WAS 07:05PM ET",0.375,"SD"
"OF","Rafael Bautista",2400,"SD@WAS 07:05PM ET",1,"WAS"
"OF","Manuel Margot",2400,"SD@WAS 07:05PM ET",6.553,"SD"
"OF","Shane Peterson",2300,"TB@MIN 08:10PM ET",4.929,"TB"
"2B/SS","Ehire Adrianza",2300,"TB@MIN 08:10PM ET",6.167,"MIN"
"C","Luke Maile",2300,"TEX@TOR 07:07PM ET",2.188,"TOR"
"SS","Max Moroff",2300,"NYM@PIT 07:05PM ET",1.25,"PIT"
"C","Juan Graterol",2300,"LAA@MIA 07:10PM ET",2.3,"LAA"
"C","Austin Hedges",2300,"SD@WAS 07:05PM ET",5.457,"SD"
"OF/SS","Allen Cordoba",2300,"SD@WAS 07:05PM ET",3.833,"SD"
"1B/OF","Michael Morse",2300,"ATL@SF 10:15PM ET",2.1,"SF"
"C","Drew Butera",2200,"KC@CLE 07:10PM ET",4.118,"KC"
"2B/3B","Darwin Barney",2200,"TEX@TOR 07:07PM ET",3.5,"TOR"
"SS","Adam Rosales",2200,"OAK@NYY 07:05PM ET",4.667,"OAK"
"C","John Bormann",2200,"NYM@PIT 07:05PM ET",0,"PIT"
"C","Chris Stewart",2200,"NYM@PIT 07:05PM ET",3.214,"PIT"
"C","Juan Centeno",2200,"BAL@HOU 08:10PM ET",21,"HOU"
"2B/OF","Tony Kemp",2200,"BAL@HOU 08:10PM ET",0,"HOU"
"3B/SS","Miguel Rojas",2200,"LAA@MIA 07:10PM ET",5.333,"MIA"
"C","Carlos Perez",2200,"LAA@MIA 07:10PM ET",0.833,"LAA"
"C","Tim Federowicz",2200,"ATL@SF 10:15PM ET",1,"SF"
"2B/OF","Drew Robinson",2100,"TEX@TOR 07:07PM ET",0,"TEX"
"OF","Jaff Decker",2100,"OAK@NYY 07:05PM ET",4.118,"OAK"
"OF","Eloy Jimenez",2100,"CHC@LAD 10:10PM ET",0,"CHC"
"2B/SS","Cliff Pennington",2100,"LAA@MIA 07:10PM ET",3.5,"LAA"
"C","Martin Maldonado",2100,"LAA@MIA 07:10PM ET",4.595,"LAA"
"SS","Carlos Asuaje",2100,"SD@WAS 07:05PM ET",0,"SD"
"OF","Jabari Blash",2100,"SD@WAS 07:05PM ET",3.286,"SD"
"SS","Erick Aybar",2100,"SD@WAS 07:05PM ET",5.186,"SD"
"OF","Chris Marrero",2100,"ATL@SF 10:15PM ET",2.667,"SF"
"C","Anthony Recker",2100,"ATL@SF 10:15PM ET",0.833,"ATL"
"C","Mike Ohlman",2000,"TEX@TOR 07:07PM ET",1.6,"TOR"
"OF","Matt Olson",2000,"OAK@NYY 07:05PM ET",0,"OAK"
"C","Stuart Turner",2000,"CIN@PHI 07:05PM ET",2,"CIN"
"OF","Brett Eibner",2000,"CHC@LAD 10:10PM ET",5.667,"LAD"
"2B/SS","Grant Green",2000,"SD@WAS 07:05PM ET",0,"WAS"
"C","Luis Torrens",2000,"SD@WAS 07:05PM ET",1.5,"SD"
"C","Hector Sanchez",2000,"SD@WAS 07:05PM ET",1.389,"SD"
"2B/SS","Johan Camargo",2000,"ATL@SF 10:15PM ET",1.25,"ATL"
"OF","Lane Adams",2000,"ATL@SF 10:15PM ET",2.556,"ATL"
"OF","Emilio Bonifacio",2000,"ATL@SF 10:15PM ET",1.03,"ATL"
