"Contest_ID","Contest_Name","Contest_Date","Max_Entry","Entry_Fee"
"0","MLB $4K QUARTER ARCADE [JUST $0.25!]",2017-04-02,150,"$0.25"
"39118269","MLB $110K FOUR-SEAMER OPENER",2017-04-02,150,"$4.00"
"39118268","MLB $75K FASTBALL",2017-04-02,150,"$33.00"
"39018240","MLB $400K SEASON OPENER [$50K TO 1ST]",2017-04-03,150,"$20.00"
"39018237","MLB $25K KNUCKLEBALL",2017-04-03,150,"$5.00"
"39254040","MLB $700K SUPER FASTBALL [$100K TO 1ST]",2017-04-04,150,"$33.00"
"39257417","MLB $20K KNUCKLEBALL",2017-04-04,150,"$5.00"
"39314562","MLB $350K FASTBALL",2017-04-05,150,"$33.00"
"39309234","MLB $25K KNUCKLEBALL",2017-04-05,150,"$5.00"
"39372815","MLB $175K FASTBALL",2017-04-06,150,"$33.00"
"39366545","MLB $10K KNUCKLEBALL",2017-04-06,50,"$5.00"
"39422463","MLB $300K FASTBALL [$50K TO 1ST]",2017-04-07,150,"$33.00"
"39414491","MLB $5K KNUCKLEBALL",2017-04-07,30,"$5.00"
"39453455","MLB $10K KNUCKLEBALL",2017-04-08,50,"$5.00"
"39465481","MLB $250K SATURDAY SLUGFEST",2017-04-08,150,"$40.00"
"39465468","MLB $100K FASTBALL (EARLY)",2017-04-08,100,"$33.00"
"39512898","MLB $200K SUNDAY NIFTY FIFTY",2017-04-09,136,"$50.00"
"39512968","MLB $30K MOONSHOT (AFTERNOON)",2017-04-09,150,"$3.00"
"39547815","MLB $250K FASTBALL [$50K TO 1ST]",2017-04-10,150,"$33.00"
"39545312","MLB $125K FASTBALL (EARLY)",2017-04-10,130,"$33.00"
"39556165","MLB $15K FOUR-SEAMER (AFTERNOON)",2017-04-10,100,"$4.00"
"39547730","MLB $5K KNUCKLEBALL",2017-04-10,30,"$5.00"
"39460123","MLB $333K SWING FOR THE FENCES [$50K TO 1ST]",2017-04-11,150,"$3.00"
"39599273","MLB $225K FASTBALL",2017-04-11,150,"$33.00"
"39643131","MLB $350K FASTBALL [$50K TO 1ST]",2017-04-12,150,"$33.00"
"39644060","MLB $125K FASTBALL (EARLY)",2017-04-12,130,"$33.00"
"39644062","MLB $60K MOONSHOT (EARLY)",2017-04-12,150,"$3.00"
"39692739","MLB $125K FASTBALL (EARLY)",2017-04-13,130,"$33.00"
"39681263","MLB $20K FOUR-SEAMER (NIGHT)",2017-04-13,150,"$4.00"
"39681071","MLB $5K KNUCKLEBALL",2017-04-13,30,"$5.00"
"39692764","MLB $225K FASTBALL",2017-04-13,150,"$33.00"
"39628516","MLB $800K SWEET SPOT [$100K TO 1ST]",2017-04-14,150,"$33.00"
"39766011","MLB $115K FASTBALL (EARLY)",2017-04-15,120,"$33.00"
"39766077","MLB $100K FOUR-SEAMER [20 ENTRY MAX]",2017-04-15,20,"$4.00"
"39766010","MLB $65K FOUR-SEAMER [20 ENTRY MAX] (EARLY)",2017-04-15,20,"$4.00"
"39766075","MLB $175K SATURDAY SLUGFEST",2017-04-15,150,"$40.00"
"39809195","MLB $250K SUNDAY NIFTY FIFTY",2017-04-16,150,"$50.00"
"39809199","MLB $110K BUNNY HOP [20 ENTRY MAX]",2017-04-16,20,"$4.00"
"39822544","MLB $40K FOUR-SEAMER (AFTERNOON)",2017-04-16,150,"$4.00"
"39822543","MLB $30K FASTBALL (AFTERNOON)",2017-04-16,30,"$33.00"
"39838527","MLB $350K FOUR-SEAMER [$50K TO 1ST]",2017-04-17,150,"$4.00"
"39838525","MLB $250K FASTBALL [$25K TO 1ST]",2017-04-17,150,"$33.00"
"39888294","MLB $175K MINI HOME RUN [20 ENTRY MAX]",2017-04-18,20,"$4.00"
"39888296","MLB $250K MEDIUM HOME RUN",2017-04-18,150,"$40.00"
"39879274","MLB $25K FOUR-SEAMER [20 ENTRY MAX] (NIGHT)",2017-04-18,20,"$4.00"
"39929968","MLB $300K Fastball [$50K to 1st]",2017-04-19,150,"$33.00"
"39929975","MLB $140K Four-Seamer [20 Entry Max]",2017-04-19,20,"$4.00"
"39929970","MLB $150K Perfect Game",2017-04-19,15,"$333.00"
"39929859","MLB $125K Fastball (Early)",2017-04-19,130,"$33.00"
"39929862","MLB $85K Four-Seamer [20 Entry Max] (Early)",2017-04-19,20,"$4.00"
"39918008","MLB $5 Double Up (Early)",2017-04-19,45,"$5.00"
"39917999","MLB $5K Solo Shot (Early)",2017-04-19,50,"$1.00"
"39918003","MLB $2.5K Quarter Arcade [Just $0.25!] (Early)",2017-04-19,50,"$0.25"
"39921804","MLB $5K Moonshot (All Day)",2017-04-19,50,"$3.00"
"39921803","MLB $1K Solo Shot (All Day)",2017-04-19,30,"$1.00"
"39921808","MLB $500 Quarter Arcade [Just $0.25!] (All Day)",2017-04-19,50,"$0.25"
"39922058","MLB $5K Moonshot (Afternoon)",2017-04-19,50,"$3.00"
"39921941","MLB $1K Solo Shot (Afternoon)",2017-04-19,30,"$1.00"
"39921944","MLB $750 Quarter Arcade [Just $0.25!] (Afternoon)",2017-04-19,50,"$0.25"
"39922761","MLB $5K Moonshot (Turbo)",2017-04-19,50,"$3.00"
"39922765","MLB $750 Solo Shot (Turbo)",2017-04-19,25,"$1.00"
"39922766","MLB $500 Quarter Arcade [Just $0.25!] (Turbo)",2017-04-19,50,"$0.25"
"39923142","MLB GIANT $25 Double Up",2017-04-19,40,"$25.00"
"39923140","MLB $5 Double Up",2017-04-19,50,"$5.00"
"39923137","MLB $5 Double Up",2017-04-19,100,"$5.00"
"39923141","MLB $10 Double Up",2017-04-19,15,"$10.00"
"39923143","MLB $2 Double Up",2017-04-19,25,"$2.00"
"39922814","MLB $4K Slider",2017-04-19,15,"$9.00"
"39922807","MLB $4K Knuckleball",2017-04-19,25,"$5.00"
"39922813","MLB $4K Flare",2017-04-19,50,"$2.00"
"39922817","MLB $10K Solo Shot",2017-04-19,50,"$1.00"
"39922809","MLB $5K Quarter Arcade",2017-04-19,50,"$0.25"
"39923101","MLB $10K Moonshot (Turbo)",2017-04-19,35,"$3.00"
"39923093","MLB $1K Solo Shot (Turbo)",2017-04-19,30,"$1.00"
"39923097","MLB $750 Quarter Arcade [Just $0.25!] (Turbo)",2017-04-19,50,"$0.25"
"39923338","MLB $25K Four-Seamer (Night)",2017-04-19,150,"$4.00"
"39923328","MLB $1K Flare (Night)",2017-04-19,15,"$2.00"
"39923334","MLB $2K Solo Shot (Night)",2017-04-19,20,"$1.00"
"39923326","MLB $1K Quarter Arcade [Just $0.25!]  (Night)",2017-04-19,50,"$0.25"
"39976688","MLB $140K Four-Seamer [20 Entry Max]",2017-04-20,20,"$4.00"
"39976686","MLB $250K Fastball [$25K to 1st]",2017-04-20,150,"$33.00"
"39976685","MLB $150K Perfect Game",2017-04-20,15,"$333.00"
"39969262","MLB $25 Double Up",2017-04-20,20,"$25.00"
"39969250","MLB $5 Double Up",2017-04-20,50,"$5.00"
"39969254","MLB $5 Double Up",2017-04-20,50,"$5.00"
"39969265","MLB $2 Double Up",2017-04-20,50,"$2.00"
"39968786","MLB $5K Slider",2017-04-20,15,"$9.00"
"39968780","MLB $5K Knuckleball",2017-04-20,30,"$5.00"
"39968784","MLB $3K Flare",2017-04-20,50,"$2.00"
"39968794","MLB $10K Solo Shot",2017-04-20,50,"$1.00"
"39968787","MLB $4K Quarter Arcade [Just $0.25!]",2017-04-20,50,"$0.25"
"39968827","MLB $7K Moonshot (Turbo)",2017-04-20,25,"$3.00"
"39968825","MLB $1K Solo Shot (Turbo)",2017-04-20,30,"$1.00"
"40001204","MLB $500 Quarter Arcade [Just $0.25!] (Turbo)",2017-04-20,50,"$0.25"
"39968829","MLB $500 Quarter Arcade [Just $0.25!] (Turbo)",2017-04-20,50,"$0.25"
"39969044","MLB $12K Moonshot (Night)",2017-04-20,45,"$3.00"
"39969038","MLB $1K Flare (Night)",2017-04-20,15,"$2.00"
"39969039","MLB $1.5K Solo Shot (Night)",2017-04-20,15,"$1.00"
"39969036","MLB $1K Quarter Arcade [Just $0.25!]  (Night)",2017-04-20,50,"$0.25"
"39976688","MLB $140K Four-Seamer [20 Entry Max]",2017-04-20,20,"$4.00"
"39976686","MLB $250K Fastball [$25K to 1st]",2017-04-20,150,"$33.00"
"39976685","MLB $150K Perfect Game",2017-04-20,15,"$333.00"
"39969262","MLB $25 Double Up",2017-04-20,20,"$25.00"
"39969250","MLB $5 Double Up",2017-04-20,50,"$5.00"
"39969254","MLB $5 Double Up",2017-04-20,50,"$5.00"
"39969265","MLB $2 Double Up",2017-04-20,50,"$2.00"
"39968786","MLB $5K Slider",2017-04-20,15,"$9.00"
"39968780","MLB $5K Knuckleball",2017-04-20,30,"$5.00"
"39968784","MLB $3K Flare",2017-04-20,50,"$2.00"
"39968794","MLB $10K Solo Shot",2017-04-20,50,"$1.00"
"39968787","MLB $4K Quarter Arcade [Just $0.25!]",2017-04-20,50,"$0.25"
"39968827","MLB $7K Moonshot (Turbo)",2017-04-20,25,"$3.00"
"39968825","MLB $1K Solo Shot (Turbo)",2017-04-20,30,"$1.00"
"40001204","MLB $500 Quarter Arcade [Just $0.25!] (Turbo)",2017-04-20,50,"$0.25"
"39968829","MLB $500 Quarter Arcade [Just $0.25!] (Turbo)",2017-04-20,50,"$0.25"
"39969044","MLB $12K Moonshot (Night)",2017-04-20,45,"$3.00"
"39969038","MLB $1K Flare (Night)",2017-04-20,15,"$2.00"
"39969039","MLB $1.5K Solo Shot (Night)",2017-04-20,15,"$1.00"
"39969036","MLB $1K Quarter Arcade [Just $0.25!]  (Night)",2017-04-20,50,"$0.25"
"39976688","MLB $140K Four-Seamer [20 Entry Max]",2017-04-20,20,"$4.00"
"39976686","MLB $250K Fastball [$25K to 1st]",2017-04-20,150,"$33.00"
"39976685","MLB $150K Perfect Game",2017-04-20,15,"$333.00"
"39969262","MLB $25 Double Up",2017-04-20,20,"$25.00"
"39969250","MLB $5 Double Up",2017-04-20,50,"$5.00"
"39969254","MLB $5 Double Up",2017-04-20,50,"$5.00"
"39969265","MLB $2 Double Up",2017-04-20,50,"$2.00"
"39968786","MLB $5K Slider",2017-04-20,15,"$9.00"
"39968780","MLB $5K Knuckleball",2017-04-20,30,"$5.00"
"39968784","MLB $3K Flare",2017-04-20,50,"$2.00"
"39968794","MLB $10K Solo Shot",2017-04-20,50,"$1.00"
"39968787","MLB $4K Quarter Arcade [Just $0.25!]",2017-04-20,50,"$0.25"
"39968827","MLB $7K Moonshot (Turbo)",2017-04-20,25,"$3.00"
"39968825","MLB $1K Solo Shot (Turbo)",2017-04-20,30,"$1.00"
"40001204","MLB $500 Quarter Arcade [Just $0.25!] (Turbo)",2017-04-20,50,"$0.25"
"39968829","MLB $500 Quarter Arcade [Just $0.25!] (Turbo)",2017-04-20,50,"$0.25"
"39969044","MLB $12K Moonshot (Night)",2017-04-20,45,"$3.00"
"39969038","MLB $1K Flare (Night)",2017-04-20,15,"$2.00"
"39969039","MLB $1.5K Solo Shot (Night)",2017-04-20,15,"$1.00"
"39969036","MLB $1K Quarter Arcade [Just $0.25!]  (Night)",2017-04-20,50,"$0.25"
"40019742","MLB $500K Home Run [$100K to 1st]",2017-04-21,37,"$444.00"
"40019743","MLB $300K Fastball",2017-04-21,150,"$33.00"
"40019739","MLB $175K Four-Seamer [20 Entry Max]",2017-04-21,20,"$4.00"
"40005457","MLB $7K Moonshot (Turbo)",2017-04-21,25,"$3.00"
"40005455","MLB $1K Solo Shot (Turbo)",2017-04-21,30,"$1.00"
"40005459","MLB $750 Quarter Arcade [Just $0.25!] (Turbo)",2017-04-21,50,"$0.25"
"40005867","MLB $5K Moonshot (Turbo)",2017-04-21,50,"$3.00"
"40005866","MLB $1K Solo Shot (Turbo)",2017-04-21,30,"$1.00"
"40005870","MLB $750 Quarter Arcade [Just $0.25!] (Turbo)",2017-04-21,50,"$0.25"
"40006686","MLB $20K Four-Seamer (Night)",2017-04-21,150,"$4.00"
"40006680","MLB $1.5K Flare (Night)",2017-04-21,25,"$2.00"
"40006687","MLB $2.5K Solo Shot (Night)",2017-04-21,50,"$1.00"
"40006676","MLB $1K Quarter Arcade [Just $0.25!]  (Night)",2017-04-21,50,"$0.25"
"40007054","MLB $10K Moonshot (Late Night)",2017-04-21,35,"$3.00"
"40007046","MLB $1K Flare (Late Night)",2017-04-21,15,"$2.00"
"40007049","MLB $1.5K Solo Shot (Late Night)",2017-04-21,15,"$1.00"
"40007043","MLB $1K Quarter Arcade [Just $0.25!]  (Late Night)",2017-04-21,50,"$0.25"
"40010007","MLB $555 Five Year Anniversary Finale SUPERSatellite [4x]",2017-04-21,13,"$6.00"
"40008150","MLB $5 Double Up",2017-04-21,100,"$5.00"
"40008158","MLB $5 Double Up",2017-04-21,50,"$5.00"
"40008162","MLB GIANT $25 Double Up",2017-04-21,40,"$25.00"
"40008159","MLB $10 Double Up",2017-04-21,20,"$10.00"
"40008163","MLB $2 Double Up",2017-04-21,50,"$2.00"
"40008156","MLB $5K Slider",2017-04-21,15,"$9.00"
"40008176","MLB $5K Knuckleball",2017-04-21,35,"$5.00"
"40008157","MLB $5K Flare",2017-04-21,25,"$2.00"
"40008165","MLB $12.5K Solo Shot",2017-04-21,50,"$1.00"
"40008164","MLB $6K Quarter Arcade",2017-04-21,50,"$0.25"
"40055632","MLB $110K Fastball (Early)",2017-04-22,115,"$33.00"
"40055730","MLB $250K Saturday Slugfest",2017-04-22,150,"$40.00"
"40055729","MLB $150K Perfect Game",2017-04-22,15,"$333.00"
"40055731","MLB $115K Four-Seamer [20 Entry Max]",2017-04-22,20,"$4.00"
"40055631","MLB $60K Four-Seamer [20 Entry Max] (Early)",2017-04-22,20,"$4.00"
"40048082","MLB $1M Five Year Anniversary Grand Finale SUPERSat [4x] (Early)",2017-04-22,13,"$6.00"
"40047585","MLB $5 Double Up (Early)",2017-04-22,40,"$5.00"
"40047247","MLB $5K Solo Shot (Early)",2017-04-22,50,"$1.00"
"40047251","MLB $2K Quarter Arcade [Just $0.25!] (Early)",2017-04-22,50,"$0.25"
"40049765","MLB $4K Moonshot (All Day)",2017-04-22,45,"$3.00"
"40049764","MLB $1K Solo Shot (All Day)",2017-04-22,30,"$1.00"
"40049768","MLB $500 Quarter Arcade [Just $0.25!] (All Day)",2017-04-22,50,"$0.25"
"40049923","MLB $3K Moonshot (Afternoon)",2017-04-22,30,"$3.00"
"40049924","MLB $500 Solo Shot (Afternoon)",2017-04-22,15,"$1.00"
"40049926","MLB $500 Quarter Arcade [Just $0.25!] (Afternoon)",2017-04-22,50,"$0.25"
"40050257","MLB $5K Moonshot (Turbo)",2017-04-22,50,"$3.00"
"40050256","MLB $1K Solo Shot (Turbo)",2017-04-22,30,"$1.00"
"40050260","MLB $500 Quarter Arcade [Just $0.25!] (Turbo)",2017-04-22,50,"$0.25"
"40046627","MLB $5 Double Up",2017-04-22,75,"$5.00"
"40046631","MLB $25 Double Up",2017-04-22,15,"$25.00"
"40046630","MLB $10 Double Up",2017-04-22,15,"$10.00"
"40046634","MLB $2 Double Up",2017-04-22,25,"$2.00"
"40046628","MLB $7.5K Solo Shot",2017-04-22,50,"$1.00"
"40046646","MLB $5K Knuckleball",2017-04-22,35,"$5.00"
"40046622","MLB $3K Flare",2017-04-22,50,"$2.00"
"40046629","MLB $4K Quarter Arcade [Just $0.25!]",2017-04-22,50,"$0.25"
"40048422","MLB $8K Moonshot (Turbo)",2017-04-22,30,"$3.00"
"40048419","MLB $1K Solo Shot (Turbo)",2017-04-22,30,"$1.00"
"40048421","MLB $750 Quarter Arcade [Just $0.25!] (Turbo)",2017-04-22,50,"$0.25"
"40048521","MLB $10K Four-Seamer (Night)",2017-04-22,75,"$4.00"
"40048515","MLB $1K Solo Shot (Night)",2017-04-22,30,"$1.00"
"40048519","MLB $750 Quarter Arcade [Just $0.25!] (Night)",2017-04-22,50,"$0.25"
"40101443","MLB $300K SUNDAY NIFTY FIFTY",2017-04-23,150,"$50.00"
"40101445","MLB $175K PERFECT GAME [$30K TO 1ST!]",2017-04-23,15,"$333.00"
"40101446","MLB $125K FOUR-SEAMER [20 ENTRY MAX]",2017-04-23,20,"$4.00"
"40101220","MLB $35K FOUR-SEAMER (AFTERNOON)",2017-04-23,150,"$4.00"
"40101218","MLB $25K FASTBALL (AFTERNOON)",2017-04-23,25,"$33.00"
"40136683","MLB $500K Home Run [$100K to 1st]",2017-04-24,37,"$444.00"
"40136684","MLB $300K Fastball",2017-04-24,150,"$33.00"
"40136680","MLB $175K Four-Seamer [20 Entry Max]",2017-04-24,20,"$4.00"
"40135007","MLB $1M Five Year Anniversary Grand Finale SUPERSat [7x]",2017-04-24,20,"$6.00"
"40134787","MLB GIANT $25 Double Up",2017-04-24,40,"$25.00"
"40134783","MLB $5 Double Up",2017-04-24,100,"$5.00"
"40134784","MLB $5 Double Up",2017-04-24,50,"$5.00"
"40134785","MLB $10 Double Up",2017-04-24,20,"$10.00"
"40134791","MLB $2 Double Up",2017-04-24,50,"$2.00"
"40134653","MLB $4K Slider",2017-04-24,15,"$9.00"
"40134654","MLB $5K Knuckleball",2017-04-24,35,"$5.00"
"40134723","MLB $1.5K Moonshot",2017-04-24,15,"$3.00"
"40134650","MLB $5K Flare",2017-04-24,25,"$2.00"
"40134652","MLB $12.5K Solo Shot",2017-04-24,50,"$1.00"
"40134651","MLB $6K Quarter Arcade",2017-04-24,50,"$0.25"
"40135298","LAST SHOT: MLB SUPERSat to TUESDAY $33 Fastball [15x]",2017-04-24,15,"$1.00"
"40135421","MLB $5K Moonshot (Turbo)",2017-04-24,50,"$3.00"
"40135420","MLB $1K Solo Shot (Turbo)",2017-04-24,30,"$1.00"
"40135424","MLB $750 Quarter Arcade [Just $0.25!] (Turbo)",2017-04-24,50,"$0.25"
"40135458","MLB $5K Moonshot (Turbo)",2017-04-24,50,"$3.00"
"40135457","MLB $1K Solo Shot (Turbo)",2017-04-24,30,"$1.00"
"40135461","MLB $750 Quarter Arcade [Just $0.25!] (Turbo)",2017-04-24,50,"$0.25"
"40135529","MLB $20K Four-Seamer (Night)",2017-04-24,150,"$4.00"
"40135517","MLB $12K Payoff Pitch (Night)",2017-04-24,15,"$27.00"
"40135519","MLB $1K Flare (Night)",2017-04-24,15,"$2.00"
"40135524","MLB $2K Solo Shot (Night)",2017-04-24,20,"$1.00"
"40135516","MLB $1K Quarter Arcade [Just $0.25!]  (Night)",2017-04-24,50,"$0.25"
"40135713","MLB $10K Moonshot (Late Night)",2017-04-24,35,"$3.00"
"40135707","MLB $1K Solo Shot (Late Night)",2017-04-24,30,"$1.00"
"40135710","MLB $750 Quarter Arcade [Just $0.25!] (Late Night)",2017-04-24,50,"$0.25"
"40052211","MLB $400K TUESDAY SUPER Fastball [$50K to 1st]",2017-04-25,150,"$33.00"
"40173524","MLB $175K Four-Seamer",2017-04-25,150,"$4.00"
"40172237","MLB $175K Perfect Game [$30K to 1st!]",2017-04-25,15,"$333.00"
"40164864","3 DAYS: MLB $1M Five Year Anniversary Grand Finale SUPERSat [13x]",2017-04-25,40,"$6.00"
"40161254","MLB GIANT $25 Double Up",2017-04-25,40,"$25.00"
"40161463","MLB $5 Double Up",2017-04-25,50,"$5.00"
"40161244","MLB $5 Double Up",2017-04-25,100,"$5.00"
"40161250","MLB $10 Double Up",2017-04-25,20,"$10.00"
"40161256","MLB $2 Double Up",2017-04-25,50,"$2.00"
"40161258","MLB $12.5K Solo Shot",2017-04-25,50,"$1.00"
"40161248","MLB $5K Slider",2017-04-25,15,"$9.00"
"40161240","MLB $3K Knuckleball",2017-04-25,20,"$5.00"
"40161251","MLB $5K Flare",2017-04-25,25,"$2.00"
"40161257","MLB $6K Quarter Arcade",2017-04-25,50,"$0.25"
"40165156","MLB $4K Moonshot (Turbo)",2017-04-25,45,"$3.00"
"40165160","MLB $750 Solo Shot (Turbo)",2017-04-25,25,"$1.00"
"40165161","MLB $500 Quarter Arcade [Just $0.25!] (Turbo)",2017-04-25,50,"$0.25"
"40165374","MLB $5K Moonshot (Turbo)",2017-04-25,50,"$3.00"
"40165373","MLB $1K Solo Shot (Turbo)",2017-04-25,30,"$1.00"
"40165378","MLB $500 Quarter Arcade [Just $0.25!] (Turbo)",2017-04-25,50,"$0.25"
"40162366","MLB $5K Moonshot (Turbo)",2017-04-25,50,"$3.00"
"40162365","MLB $1K Solo Shot (Turbo)",2017-04-25,30,"$1.00"
"40162370","MLB $500 Quarter Arcade [Just $0.25!] (Turbo)",2017-04-25,50,"$0.25"
"40162520","MLB $4K Moonshot (Turbo)",2017-04-25,45,"$3.00"
"40162519","MLB $1K Solo Shot (Turbo)",2017-04-25,30,"$1.00"
"40162524","MLB $500 Quarter Arcade [Just $0.25!] (Turbo)",2017-04-25,50,"$0.25"
"40162618","MLB $20K Four-Seamer (Night)",2017-04-25,150,"$4.00"
"40162613","MLB $1K Flare (Night)",2017-04-25,15,"$2.00"
"40162614","MLB $1.5K Solo Shot (Night)",2017-04-25,15,"$1.00"
"40162609","MLB $1K Quarter Arcade [Just $0.25!]  (Night)",2017-04-25,50,"$0.25"
"40163055","MLB $7K Moonshot (Late Night)",2017-04-25,25,"$3.00"
"40163053","MLB $1K Flare (Late Night)",2017-04-25,15,"$2.00"
"40163052","MLB $1K Solo Shot (Late Night)",2017-04-25,30,"$1.00"
"40163049","MLB $1K Quarter Arcade [Just $0.25!]  (Late Night)",2017-04-25,50,"$0.25"
"40209105","DK 5 Year Anniversary $55 Special [$50K Top]",2017-04-26,150,"$55.00"
"40209101","MLB $130K Four-Seamer",2017-04-26,150,"$4.00"
"40209155","MLB $60K Four-Seamer [20 Entry Max] (Early)",2017-04-26,20,"$4.00"
"40209156","MLB $45K Fastball (Early)",2017-04-26,45,"$33.00"
"40209107","MLB $160K Perfect Game",2017-04-26,15,"$333.00"
"40201508","TWO DAYS: MLB $1M Five Year Anniversary Grand Finale SUPERSat [4x] (Early)",2017-04-26,13,"$6.00"
"40200833","MLB $5 Double Up (Early)",2017-04-26,45,"$5.00"
"40200825","MLB $5K Solo Shot (Early)",2017-04-26,50,"$1.00"
"40200829","MLB $2.5K Quarter Arcade [Just $0.25!] (Early)",2017-04-26,50,"$0.25"
"40196796","MLB $4K Moonshot (All Day)",2017-04-26,45,"$3.00"
"40196795","MLB $1K Solo Shot (All Day)",2017-04-26,30,"$1.00"
"40196800","MLB $500 Quarter Arcade [Just $0.25!] (All Day)",2017-04-26,50,"$0.25"
"40196879","MLB $4K Moonshot (Afternoon)",2017-04-26,45,"$3.00"
"40196878","MLB $1K Solo Shot (Afternoon)",2017-04-26,30,"$1.00"
"40196883","MLB $500 Quarter Arcade [Just $0.25!] (Afternoon)",2017-04-26,50,"$0.25"
"40202644","TWO DAYS: MLB $1M Five Year Anniversary Grand Finale SUPERSat [13x]",2017-04-26,40,"$6.00"
"40202138","MLB GIANT $25 Double Up",2017-04-26,40,"$25.00"
"40202136","MLB $5 Double Up",2017-04-26,75,"$5.00"
"40202133","MLB $5 Double Up",2017-04-26,100,"$5.00"
"40205029","MLB $33 Fantasy Golf Millionaire SUPERSatellite [30x]",2017-04-26,34,"$1.00"
"40202137","MLB $10 Double Up",2017-04-26,15,"$10.00"
"40202139","MLB $2 Double Up",2017-04-26,25,"$2.00"
"40201874","MLB $4K Slider",2017-04-26,15,"$9.00"
"40201869","MLB $4K Knuckleball",2017-04-26,25,"$5.00"
"40201873","MLB $4K Flare",2017-04-26,50,"$2.00"
"40201875","MLB $10K Solo Shot",2017-04-26,50,"$1.00"
"40201871","MLB $5K Quarter Arcade",2017-04-26,50,"$0.25"
"40197513","MLB $10K Moonshot (Turbo)",2017-04-26,35,"$3.00"
"40197505","MLB $1.5K Solo Shot (Turbo)",2017-04-26,15,"$1.00"
"40197509","MLB $750 Quarter Arcade [Just $0.25!] (Turbo)",2017-04-26,50,"$0.25"
"40197647","MLB $20K Four-Seamer (Night)",2017-04-26,150,"$4.00"
"40197634","MLB $12K Payoff Pitch (Night)",2017-04-26,15,"$27.00"
"40197636","MLB $1K Flare (Night)",2017-04-26,15,"$2.00"
"40197641","MLB $2K Solo Shot (Night)",2017-04-26,20,"$1.00"
"40197633","MLB $1K Quarter Arcade [Just $0.25!]  (Night)",2017-04-26,50,"$0.25"
"40197807","MLB $10K Moonshot (Late Night)",2017-04-26,35,"$3.00"
"40197802","MLB $1.5K Solo Shot (Late Night)",2017-04-26,15,"$1.00"
"40197805","MLB $750 Quarter Arcade [Just $0.25!] (Late Night)",2017-04-26,50,"$0.25"
"40246082","DK Five Year Anniversary $55 Special",2017-04-27,120,"$55.00"
"40246080","MLB $100K Four-Seamer [20 Entry Max]",2017-04-27,20,"$4.00"
"40246043","DK Five Year Anniversary $55 Special (Early)",2017-04-27,65,"$55.00"
"40246040","LAST SHOT: MLB $1M Five Year Anniversary Grand Finale SUPERSat [7x] (Early)",2017-04-27,20,"$6.00"
"40246039","MLB $60K Four-Seamer [20 Entry Max] (Early)",2017-04-27,20,"$4.00"
"40242220","LAST SHOT: MLB $1M Five Year Anniversary Grand Finale SUPERSat [12x]",2017-04-27,35,"$6.00"
"40240617","MLB $5 Double Up (Early)",2017-04-27,30,"$5.00"
"40240615","MLB $5K Solo Shot (Early)",2017-04-27,50,"$1.00"
"40240620","MLB $2.5K Quarter Arcade [Just $0.25!] (Early)",2017-04-27,50,"$0.25"
"40237474","MLB $3K Moonshot (All Day)",2017-04-27,30,"$3.00"
"40237476","MLB $750 Solo Shot (All Day)",2017-04-27,25,"$1.00"
"40237469","MLB $400 Quarter Arcade [Just $0.25!] (All Day)",2017-04-27,50,"$0.25"
"40241199","MLB $5 Double Up",2017-04-27,45,"$5.00"
"40241200","MLB $5 Double Up",2017-04-27,50,"$5.00"
"40242214","MLB $3.5M Fantasy Golf Millionaire SUPERSat [20x]",2017-04-27,50,"$0.25"
"40241198","MLB $10 Double Up",2017-04-27,15,"$10.00"
"40241201","MLB $2 Double Up",2017-04-27,25,"$2.00"
"40240724","MLB $3K Knuckleball",2017-04-27,20,"$5.00"
"40240727","MLB $3K Flare",2017-04-27,50,"$2.00"
"40240730","MLB $7.5K Solo Shot",2017-04-27,50,"$1.00"
"40240731","MLB $4K Quarter Arcade [Just $0.25!]",2017-04-27,50,"$0.25"
"40237912","MLB $3K Moonshot (Turbo)",2017-04-27,30,"$3.00"
"40237915","MLB $750 Solo Shot (Turbo)",2017-04-27,25,"$1.00"
"40237916","MLB $500 Quarter Arcade [Just $0.25!] (Turbo)",2017-04-27,50,"$0.25"
"40238692","MLB $20K Four-Seamer (Night)",2017-04-27,150,"$4.00"
"40238681","MLB $1K Flare (Night)",2017-04-27,15,"$2.00"
"40238688","MLB $2K Solo Shot (Night)",2017-04-27,20,"$1.00"
"40238679","MLB $1K Quarter Arcade [Just $0.25!]  (Night)",2017-04-27,50,"$0.25"
"40240151","MLB $1K Solo Shot (Afternoon)",2017-04-27,30,"$1.00"
"40240154","MLB $3K Moonshot (Afternoon)",2017-04-27,30,"$3.00"
"40240156","MLB $500 Quarter Arcade [Just $0.25!] (Afternoon)",2017-04-27,50,"$0.25"
"40102339","MLB $1M Five Year Anniversary Grand Finale",2017-04-28,60,"$555.00"
"40272851","MLB $300K Five Year Anniversary Finale [$50K to 1st]",2017-04-28,150,"$5.00"
"40278247","DK Five Year Anniversary $55 ",2017-04-28,120,"$55.00"
"40270887","MLB GIANT $25 Double Up",2017-04-28,40,"$25.00"
"40270881","MLB $5 Double Up",2017-04-28,50,"$5.00"
"40270876","MLB $5 Double Up",2017-04-28,100,"$5.00"
"40270883","MLB $10 Double Up",2017-04-28,25,"$10.00"
"40270902","MLB $2 Double Up",2017-04-28,50,"$2.00"
"40270890","MLB $12.5K Solo Shot",2017-04-28,50,"$1.00"
"40270880","MLB $5K Slider",2017-04-28,15,"$9.00"
"40270882","MLB $6K Flare",2017-04-28,30,"$2.00"
"40270889","MLB $6K Quarter Arcade",2017-04-28,50,"$0.25"
"40270024","MLB $8K Moonshot (Turbo)",2017-04-28,30,"$3.00"
"40270017","MLB $1K Solo Shot (Turbo)",2017-04-28,30,"$1.00"
"40270023","MLB $750 Quarter Arcade [Just $0.25!] (Turbo)",2017-04-28,50,"$0.25"
"40270068","MLB $20K Four-Seamer (Night)",2017-04-28,150,"$4.00"
"40270059","MLB $1K Flare (Night)",2017-04-28,15,"$2.00"
"40270063","MLB $2K Solo Shot (Night)",2017-04-28,20,"$1.00"
"40270057","MLB $1K Quarter Arcade [Just $0.25!]  (Night)",2017-04-28,50,"$0.25"
"40270244","MLB $8K Moonshot (Late Night)",2017-04-28,30,"$3.00"
"40270239","MLB $1.5K Solo Shot (Late Night)",2017-04-28,15,"$1.00"
"40270243","MLB $750 Quarter Arcade [Just $0.25!] (Late Night)",2017-04-28,50,"$0.25"
"40311556","MLB $250K Saturday Slugfest",2017-04-29,150,"$40.00"
"40311557","MLB $110K Four-Seamer [20 Entry Max]",2017-04-29,20,"$4.00"
"40311558","MLB $200K Five Year Anniversary Encore",2017-04-29,12,"$555.00"
"40311470","MLB $110K Fastball (Early)",2017-04-29,115,"$33.00"
"40311471","MLB $50K Four-Seamer [20 Entry Max] (Early)",2017-04-29,20,"$4.00"
"40302160","MLB $5 Double Up (Early)",2017-04-29,45,"$5.00"
"40302189","MLB $5 Cinco De Mayo Special SUPERSat [100x] (Early)",2017-04-29,15,"$1.00"
"40302190","MLB $5 Cinco De Mayo Special SUPERSat [80x] (Early)",2017-04-29,50,"$0.25"
"40302155","MLB $1.5K Flare (Early)",2017-04-29,25,"$2.00"
"40302151","MLB $5K Solo Shot (Early)",2017-04-29,50,"$1.00"
"40302157","MLB $2K Quarter Arcade [Just $0.25!] (Early)",2017-04-29,50,"$0.25"
"40304243","MLB $25 Double Up",2017-04-29,15,"$25.00"
"40304240","MLB $5 Double Up",2017-04-29,75,"$5.00"
"40304440","MLB $5 Cinco De Mayo Special SUPERSat [150x]",2017-04-29,25,"$1.00"
"40304439","MLB $5 Cinco De Mayo Special SUPERSat [150x]",2017-04-29,50,"$0.25"
"40304242","MLB $10 Double Up",2017-04-29,15,"$10.00"
"40304246","MLB $2 Double Up",2017-04-29,25,"$2.00"
"40304232","MLB $2.5K Knuckleball",2017-04-29,15,"$5.00"
"40304235","MLB $3K Flare",2017-04-29,50,"$2.00"
"40304241","MLB $7.5K Solo Shot",2017-04-29,50,"$1.00"
"40304239","MLB $3K Quarter Arcade [Just $0.25!] ",2017-04-29,50,"$0.25"
"40301706","MLB $4K Moonshot (All Day)",2017-04-29,45,"$3.00"
"40301705","MLB $1K Solo Shot (All Day)",2017-04-29,30,"$1.00"
"40301710","MLB $500 Quarter Arcade [Just $0.25!] (All Day)",2017-04-29,50,"$0.25"
"40302520","MLB $10K Four-Seamer (Night)",2017-04-29,75,"$4.00"
"40302505","MLB $1.5K Solo Shot (Night)",2017-04-29,15,"$1.00"
"40302515","MLB $750 Quarter Arcade [Just $0.25!] (Night)",2017-04-29,50,"$0.25"
"40302963","MLB $8K Moonshot (Late Night)",2017-04-29,30,"$3.00"
"40302959","MLB $1K Solo Shot (Late Night)",2017-04-29,30,"$1.00"
"40302962","MLB $500 Quarter Arcade [Just $0.25!] (Late Night)",2017-04-29,50,"$0.25"
"40303108","MLB $5K Moonshot (Afternoon)",2017-04-29,50,"$3.00"
"40303107","MLB $1K Solo Shot (Afternoon)",2017-04-29,30,"$1.00"
"40303112","MLB $500 Quarter Arcade [Just $0.25!] (Afternoon)",2017-04-29,50,"$0.25"
"40303355","MLB $6K Moonshot (Turbo)",2017-04-29,50,"$3.00"
"40303351","MLB $1K Solo Shot (Turbo)",2017-04-29,30,"$1.00"
"40303354","MLB $500 Quarter Arcade [Just $0.25!] (Turbo)",2017-04-29,50,"$0.25"
"40345516","MLB $275K Sunday Nifty Fifty",2017-04-30,150,"$50.00"
"40345513","MLB $100K Four-Seamer [20 Entry Max]",2017-04-30,20,"$4.00"
"40345511","MLB $150K Perfect Game",2017-04-30,15,"$333.00"
"40345553","MLB $35K Four-Seamer (Afternoon)",2017-04-30,150,"$4.00"
"40345551","MLB $25K Fastball (Afternoon)",2017-04-30,25,"$33.00"
"40342051","MLB GIANT $25 Double Up",2017-04-30,25,"$25.00"
"40342050","MLB $5 Double Up",2017-04-30,50,"$5.00"
"40342049","MLB $5 Double Up",2017-04-30,50,"$5.00"
"40342150","MLB $5 Cinco De Mayo Special SUPERSat [100x]",2017-04-30,15,"$1.00"
"40342151","MLB $5 Cinco De Mayo Special SUPERSat [80x]",2017-04-30,50,"$0.25"
"40342146","MLB $3.5M Fantasy Golf Millionaire SUPERSat [20x]",2017-04-30,50,"$0.25"
"40342054","MLB $2 Double Up",2017-04-30,50,"$2.00"
"40341657","MLB $4K Slider",2017-04-30,15,"$9.00"
"40341653","MLB $3K Flare",2017-04-30,50,"$2.00"
"40341660","MLB $10K Solo Shot",2017-04-30,50,"$1.00"
"40341656","MLB $4K Quarter Arcade [Just $0.25!]",2017-04-30,50,"$0.25"
"40341318","MLB $7K Moonshot (All Day)",2017-04-30,25,"$3.00"
"40341319","MLB $1.5K Solo Shot (All Day)",2017-04-30,15,"$1.00"
"40341325","MLB $750 Quarter Arcade [Just $0.25!] (All Day)",2017-04-30,50,"$0.25"
"40342224","MLB $9K Moonshot (Turbo)",2017-04-30,30,"$3.00"
"40342221","MLB $1.5K Solo Shot (Turbo)",2017-04-30,15,"$1.00"
"40342217","MLB $1K Quarter Arcade [Just $0.25!]  (Turbo)",2017-04-30,50,"$0.25"
"40342615","MLB $5 Double Up (Afternoon)",2017-04-30,20,"$5.00"
"40342617","MLB $2 Double Up (Afternoon)",2017-04-30,15,"$2.00"
"40342412","MLB $1K Flare (Afternoon)",2017-04-30,15,"$2.00"
"40342420","MLB $2.5K Solo Shot (Afternoon)",2017-04-30,50,"$1.00"
"40342414","MLB $1.5K Quarter Arcade [Just $0.25!] (Afternoon)",2017-04-30,50,"$0.25"
"40342743","MLB $8K Moonshot (Late)",2017-04-30,30,"$3.00"
"40342736","MLB $1.5K Solo Shot (Late)",2017-04-30,15,"$1.00"
"40342742","MLB $750 Quarter Arcade [Just $0.25!] (Late)",2017-04-30,50,"$0.25"
"40374689","MLB $325K Fastball [$50K to 1st]",2017-05-01,150,"$33.00"
"40374690","MLB $175K Four-Seamer [20 Entry Max]",2017-05-01,20,"$4.00"
"40374684","MLB $250K SUPER Perfect Game [$50K to 1st]",2017-05-01,25,"$333.00"
"40374777","MLB GIANT $25 Double Up",2017-05-01,40,"$25.00"
"40392939","MLB $5 Double Up",2017-05-01,45,"$5.00"
"40374772","MLB $5 Double Up",2017-05-01,50,"$5.00"
"40374906","MLB $5 Cinco De Mayo Special SUPERSat [200x]",2017-05-01,35,"$1.00"
"40374905","MLB $5 Cinco De Mayo Special SUPERSat [150x]",2017-05-01,50,"$0.25"
"40374861","MLB $3.5M Fantasy Golf Millionaire SUPERSat [30x]",2017-05-01,34,"$1.00"
"40374774","MLB $10 Double Up",2017-05-01,20,"$10.00"
"40391371","MLB $2 Double Up",2017-05-01,50,"$2.00"
"40374687","MLB $4K Slider",2017-05-01,15,"$9.00"
"40374691","MLB $5K Knuckleball",2017-05-01,35,"$5.00"
"40390762","MLB $2K Flare",2017-05-01,35,"$2.00"
"40374683","MLB $4K Flare",2017-05-01,50,"$2.00"
"40374686","MLB $12.5K Solo Shot",2017-05-01,50,"$1.00"
"40374685","MLB $6K Quarter Arcade",2017-05-01,50,"$0.25"
"40375092","MLB $7K Moonshot (Turbo)",2017-05-01,25,"$3.00"
"40391689","MLB $1K Solo Shot (Turbo)",2017-05-01,30,"$1.00"
"40375090","MLB $1K Solo Shot (Turbo)",2017-05-01,30,"$1.00"
"40375095","MLB $750 Quarter Arcade [Just $0.25!] (Turbo)",2017-05-01,50,"$0.25"
"40375163","MLB $15K Four-Seamer (Night)",2017-05-01,100,"$4.00"
"40375146","MLB $1K Flare (Night)",2017-05-01,15,"$2.00"
"40375148","MLB $1.5K Solo Shot (Night)",2017-05-01,15,"$1.00"
"40375141","MLB $1K Quarter Arcade [Just $0.25!]  (Night)",2017-05-01,50,"$0.25"
"40411635","MLB $350K Crazy 8's",2017-05-02,150,"$8.00"
"40411629","MLB $175K Fastball",2017-05-02,150,"$33.00"
"40411628","MLB $200K Perfect Game",2017-05-02,20,"$333.00"
"40411630","MLB $75K Four-Seamer [20 Entry Max]",2017-05-02,20,"$4.00"
"40405743","MLB $5 Cinco De Mayo Special SUPERSat [200x]",2017-05-02,50,"$0.25"
"40405744","MLB $5 Cinco De Mayo Special SUPERSat [250x]",2017-05-02,40,"$1.00"
"40405351","MLB GIANT $25 Double Up",2017-05-02,40,"$25.00"
"40405344","MLB $5 Double Up",2017-05-02,100,"$5.00"
"40405343","MLB $5 Double Up",2017-05-02,100,"$5.00"
"40405348","MLB $10 Double Up",2017-05-02,30,"$10.00"
"40405353","MLB $2 Double Up",2017-05-02,50,"$2.00"
"40405356","MLB $12.5K Solo Shot",2017-05-02,50,"$1.00"
"40405741","MLB $3.5M Fantasy Golf Millionaire SUPERSat [30x]",2017-05-02,34,"$1.00"
"40405742","MLB $3.5M Fantasy Golf Millionaire SUPERSat [20x]",2017-05-02,50,"$0.25"
"40405339","MLB $4K Knuckleball",2017-05-02,25,"$5.00"
"40405347","MLB $5K Flare",2017-05-02,25,"$2.00"
"40405355","MLB $6K Quarter Arcade",2017-05-02,50,"$0.25"
"40402934","MLB $6K Moonshot (Turbo)",2017-05-02,50,"$3.00"
"40402933","MLB $1.5K Solo Shot (Turbo)",2017-05-02,15,"$1.00"
"40402927","MLB $1K Quarter Arcade [Just $0.25!]  (Turbo)",2017-05-02,50,"$0.25"
"40403182","MLB $6K Moonshot (Turbo)",2017-05-02,50,"$3.00"
"40403181","MLB $1.5K Solo Shot (Turbo)",2017-05-02,15,"$1.00"
"40403175","MLB $1K Quarter Arcade [Just $0.25!]  (Turbo)",2017-05-02,50,"$0.25"
"40408552","MLB $35K Crazy 8's (Night)",2017-05-02,150,"$8.00"
"40408551","MLB $15K Fastball (Night)",2017-05-02,15,"$33.00"
"40408550","MLB $10K Four-Seamer (Night)",2017-05-02,75,"$4.00"
"40403516","MLB $1K Flare (Night)",2017-05-02,15,"$2.00"
"40403517","MLB $3K Solo Shot (Night)",2017-05-02,50,"$1.00"
"40403518","MLB $1.5K Quarter Arcade [Just $0.25!] (Night)",2017-05-02,50,"$0.25"
"40447311","MLB $350K Crazy 8's [$50K to 1st]",2017-05-03,150,"$8.00"
"40447310","MLB $215K Fastball",2017-05-03,150,"$33.00"
"40447586","MLB $225K Perfect Game",2017-05-03,20,"$333.00"
"40447306","MLB $75K Four-Seamer [20 Entry Max]",2017-05-03,20,"$4.00"
"40440597","MLB GIANT $25 Double Up",2017-05-03,40,"$25.00"
"40440592","MLB $5 Double Up",2017-05-03,100,"$5.00"
"40440593","MLB $5 Double Up",2017-05-03,100,"$5.00"
"40441252","MLB $5 Cinco De Mayo Special SUPERSat [250x]",2017-05-03,40,"$1.00"
"40441251","MLB $5 Cinco De Mayo Special SUPERSat [200x]",2017-05-03,50,"$0.25"
"40441250","MLB $3.5M Fantasy Golf Millionaire SUPERSat [30x]",2017-05-03,34,"$1.00"
"40440594","MLB $10 Double Up",2017-05-03,30,"$10.00"
"40440598","MLB $2 Double Up",2017-05-03,50,"$2.00"
"40439858","MLB $4K Knuckleball",2017-05-03,25,"$5.00"
"40439862","MLB $5K Flare",2017-05-03,25,"$2.00"
"40439865","MLB $12.5K Solo Shot",2017-05-03,50,"$1.00"
"40439864","MLB $6K Quarter Arcade",2017-05-03,50,"$0.25"
"40447391","MLB $6K Crazy 8's (Turbo)",2017-05-03,25,"$8.00"
"40443099","MLB $2K Four-Seamer (Turbo)",2017-05-03,15,"$4.00"
"40443094","MLB $1.5K Solo Shot (Turbo)",2017-05-03,15,"$1.00"
"40443091","MLB $1K Quarter Arcade [Just $0.25!]  (Turbo)",2017-05-03,50,"$0.25"
"40447635","MLB $35K Four-Seamer (Night)",2017-05-03,150,"$4.00"
"40447398","MLB $6K Crazy 8's (Turbo)",2017-05-03,25,"$8.00"
"40447634","MLB $20K Fastball (Night)",2017-05-03,20,"$33.00"
"40443156","MLB $1.5K Solo Shot (Turbo)",2017-05-03,15,"$1.00"
"40443153","MLB $1K Quarter Arcade [Just $0.25!]  (Turbo)",2017-05-03,50,"$0.25"
"40443659","MLB $1K Flare (Night)",2017-05-03,15,"$2.00"
"40443660","MLB $3K Solo Shot (Night)",2017-05-03,50,"$1.00"
"40443661","MLB $1.5K Quarter Arcade [Just $0.25!] (Night)",2017-05-03,50,"$0.25"
"40484128","MLB $150K Fastball",2017-05-04,150,"$33.00"
"40484127","MLB $100K Four-Seamer [20 Entry Max]",2017-05-04,20,"$4.00"
"40483994","MLB $100K Fastball (Early)",2017-05-04,100,"$33.00"
"40483996","MLB $50K Four-Seamer [20 Entry Max] (Early)",2017-05-04,20,"$4.00"
"40484406","MLB $5 Double Up",2017-05-04,45,"$5.00"
"40484407","MLB $5 Double Up",2017-05-04,50,"$5.00"
"40478291","MLB $4K Moonshot (All Day)",2017-05-04,45,"$3.00"
"40478295","MLB $750 Solo Shot (All Day)",2017-05-04,25,"$1.00"
"40478296","MLB $500 Quarter Arcade [Just $0.25!] (All Day)",2017-05-04,50,"$0.25"
"40480832","MLB $5 Double Up (Early)",2017-05-04,45,"$5.00"
"40482034","MLB $5 Cinco De Mayo Special SUPERSat [150x] (Early)",2017-05-04,50,"$0.25"
"40482035","MLB $5 Cinco De Mayo Special SUPERSat [150x] (Early)",2017-05-04,25,"$1.00"
"40482643","MLB $3.5M Fantasy Golf Millionaire SUPERSatellite [10x] (Early)",2017-05-04,46,"$0.25"
"40480747","MLB $2.5K Flare (Early)",2017-05-04,40,"$2.00"
"40480743","MLB $5K Solo Shot (Early)",2017-05-04,50,"$1.00"
"40480746","MLB $2.5K Quarter Arcade [Just $0.25!] (Early)",2017-05-04,50,"$0.25"
"40480001","MLB $6K Moonshot (Afternoon)",2017-05-04,50,"$3.00"
"40480000","MLB $750 Quarter Arcade [Just $0.25!] (Afternoon)",2017-05-04,50,"$0.25"
"40479996","MLB $1K Solo Shot (Afternoon)",2017-05-04,30,"$1.00"
"40484837","MLB $5 Cinco De Mayo Special SUPERSat [350x]",2017-05-04,50,"$1.00"
"40484838","MLB $5 Cinco De Mayo Special SUPERSat [250x]",2017-05-04,50,"$0.25"
"40484700","MLB $3.5M Fantasy Golf Millionaire SUPERSatellite [10x]",2017-05-04,11,"$1.00"
"40484405","MLB $10 Double Up",2017-05-04,15,"$10.00"
"40484409","MLB $2 Double Up",2017-05-04,50,"$2.00"
"40484117","MLB $2.5K Knuckleball",2017-05-04,15,"$5.00"
"40484119","MLB $3K Flare",2017-05-04,50,"$2.00"
"40484123","MLB $7.5K Solo Shot",2017-05-04,50,"$1.00"
"40484124","MLB $4K Quarter Arcade [Just $0.25!]",2017-05-04,50,"$0.25"
"40449480","MLB $300K Cinco De Mayo Special [$50K to 1st]",2017-05-05,150,"$5.00"
"40520191","MLB $200K Fastball",2017-05-05,150,"$33.00"
"40520193","MLB $300K FRIDAY Home Run [50K to 1st]",2017-05-05,20,"$400.00"
"40519979","MLB $20K Four-Seamer [20 Entry Max] (Early)",2017-05-05,20,"$4.00"
"40519978","MLB $15K Fastball (Early)",2017-05-05,15,"$33.00"
"40513270","MLB GIANT $25 Double Up",2017-05-05,40,"$25.00"
"40513259","MLB $5 Double Up",2017-05-05,100,"$5.00"
"40513263","MLB $5 Double Up",2017-05-05,50,"$5.00"
"40513424","MLB $3.5M Fantasy Golf Millionaire SUPERSat [30x]",2017-05-05,34,"$1.00"
"40513265","MLB $10 Double Up",2017-05-05,25,"$10.00"
"40513268","MLB $2 Double Up",2017-05-05,45,"$2.00"
"40513273","MLB $12.5K Solo Shot",2017-05-05,50,"$1.00"
"40513262","MLB $5K Flare",2017-05-05,25,"$2.00"
"40513272","MLB $6K Quarter Arcade",2017-05-05,50,"$0.25"
"40521280","MLB SUPERSatellite to Weekend PGA $125K Crazy 8's",2017-05-05,25,"$0.25"
"40521279","MLB SUPERSatellite to Weekend PGA $125K Crazy 8's",2017-05-05,14,"$1.00"
"40514696","MLB SUPERSatellite to PGA $600K Drive the Green [25x]",2017-05-05,14,"$0.25"
"40510875","MLB $1.5K Flare (Early)",2017-05-05,25,"$2.00"
"40510887","MLB $2.5K Solo Shot (Early)",2017-05-05,50,"$1.00"
"40510873","MLB $1.5K Quarter Arcade [Just $0.25!] (Early)",2017-05-05,50,"$0.25"
"40511290","MLB $3K Moonshot (All Day)",2017-05-05,30,"$3.00"
"40511287","MLB $1K Solo Shot (All Day)",2017-05-05,30,"$1.00"
"40511291","MLB $500 Quarter Arcade [Just $0.25!] (All Day)",2017-05-05,50,"$0.25"
"40511515","MLB $6K Moonshot (Turbo)",2017-05-05,50,"$3.00"
"40511511","MLB $1K Solo Shot (Turbo)",2017-05-05,30,"$1.00"
"40511514","MLB $500 Quarter Arcade [Just $0.25!] (Turbo)",2017-05-05,50,"$0.25"
"40511564","MLB $6K Moonshot (Turbo)",2017-05-05,50,"$3.00"
"40511560","MLB $1K Solo Shot (Turbo)",2017-05-05,30,"$1.00"
"40511563","MLB $500 Quarter Arcade [Just $0.25!] (Turbo)",2017-05-05,50,"$0.25"
"40512055","MLB $30K Crazy 8's (Night)",2017-05-05,130,"$8.00"
"40512049","MLB $15K Fastball (Night)",2017-05-05,15,"$33.00"
"40512048","MLB $10K Four-Seamer (Night)",2017-05-05,75,"$4.00"
"40521282","MLB SUPERSatellite to Weekend PGA $125K Crazy 8's (Night)",2017-05-05,25,"$0.25"
"40521281","MLB SUPERSatellite to Weekend PGA $125K Crazy 8's (Night)",2017-05-05,14,"$1.00"
"40512039","MLB $1K Flare (Night)",2017-05-05,15,"$2.00"
"40512040","MLB $3K Solo Shot (Night)",2017-05-05,50,"$1.00"
"40512041","MLB $1.5K Quarter Arcade [Just $0.25!] (Night)",2017-05-05,50,"$0.25"
"40550358","MLB $250K Saturday Slugfest",2017-05-06,150,"$40.00"
"40550359","MLB $110K Four-Seamer [20 Entry Max]",2017-05-06,20,"$4.00"
"40550357","MLB $150K Perfect Game",2017-05-06,15,"$333.00"
"40550316","MLB $50K Fastball (Early)",2017-05-06,50,"$33.00"
"40550317","MLB $40K Four-Seamer [20 Entry Max] (Early)",2017-05-06,20,"$4.00"
"40545106","MLB $25 Double Up",2017-05-06,20,"$25.00"
"40545098","MLB $5 Double Up",2017-05-06,30,"$5.00"
"40545102","MLB $5 Double Up",2017-05-06,50,"$5.00"
"40547197","MLB $6 Swing For The Fences SUPERSat [125x]",2017-05-06,25,"$1.00"
"40547196","MLB $6 Swing For The Fences SUPERSat [100x]",2017-05-06,50,"$0.25"
"40545107","MLB $10 Double Up",2017-05-06,15,"$10.00"
"40545110","MLB $2 Double Up",2017-05-06,25,"$2.00"
"40545105","MLB $8K Solo Shot",2017-05-06,50,"$1.00"
"40545096","MLB $3K Knuckleball",2017-05-06,20,"$5.00"
"40545103","MLB $4K Flare",2017-05-06,50,"$2.00"
"40545104","MLB $4K Quarter Arcade [Just $0.25!]",2017-05-06,50,"$0.25"
"40543391","MLB $5 Double Up (Early)",2017-05-06,25,"$5.00"
"40543397","MLB $2 Double Up (Early)",2017-05-06,15,"$2.00"
"40543394","MLB $1.5K Flare (Early)",2017-05-06,25,"$2.00"
"40543395","MLB $4K Solo Shot (Early)",2017-05-06,45,"$1.00"
"40543390","MLB $1.5K Quarter Arcade [Just $0.25!] (Early)",2017-05-06,50,"$0.25"
"40541941","MLB $4K Moonshot (All Day)",2017-05-06,45,"$3.00"
"40541940","MLB $1K Solo Shot (All Day)",2017-05-06,30,"$1.00"
"40541945","MLB $750 Quarter Arcade [Just $0.25!] (All Day)",2017-05-06,50,"$0.25"
"40542049","MLB $10K Moonshot (Turbo)",2017-05-06,35,"$3.00"
"40542046","MLB $1.5K Solo Shot (Turbo)",2017-05-06,15,"$1.00"
"40542041","MLB $1K Quarter Arcade [Just $0.25!]  (Turbo)",2017-05-06,50,"$0.25"
"40542132","MLB $6K Moonshot (Turbo)",2017-05-06,50,"$3.00"
"40542128","MLB $1K Solo Shot (Turbo)",2017-05-06,30,"$1.00"
"40542131","MLB $750 Quarter Arcade [Just $0.25!] (Turbo)",2017-05-06,50,"$0.25"
"40542208","MLB $12K Moonshot (Night)",2017-05-06,45,"$3.00"
"40542203","MLB $1.5K Solo Shot (Night)",2017-05-06,15,"$1.00"
"40542201","MLB $1K Quarter Arcade [Just $0.25!]  (Night)",2017-05-06,50,"$0.25"
"40579336","MLB $300K Sunday Nifty Fifty",2017-05-07,150,"$50.00"
"40579335","MLB $100K Four-Seamer [20 Entry Max]",2017-05-07,20,"$4.00"
"40579340","MLB $140K Perfect Game",2017-05-07,14,"$333.00"
"40575042","LAST SHOT: MLB $800K MEGA Crazy 8's SUPERSat [3x]",2017-05-07,15,"$6.00"
"40574982","MLB GIANT $25 Double Up",2017-05-07,25,"$25.00"
"40574981","MLB $5 Double Up",2017-05-07,50,"$5.00"
"40574980","MLB $5 Double Up",2017-05-07,50,"$5.00"
"40574985","MLB $2 Double Up",2017-05-07,25,"$2.00"
"40574934","MLB $10K Solo Shot",2017-05-07,50,"$1.00"
"40574931","MLB $4K Slider",2017-05-07,15,"$9.00"
"40574927","MLB $3K Flare",2017-05-07,50,"$2.00"
"40574930","MLB $4K Quarter Arcade [Just $0.25!]",2017-05-07,50,"$0.25"
"40575153","MLB $3.5M Fantasy Golf Millionaire SUPERSat [20x]",2017-05-07,50,"$0.25"
"40575158","MLB SUPERSatellite to PGA $600K Drive the Green [25x]",2017-05-07,14,"$0.25"
"40574738","MLB $1.5K Solo Shot (All Day)",2017-05-07,15,"$1.00"
"40574744","MLB $6K Moonshot (All Day)",2017-05-07,50,"$3.00"
"40574743","MLB $750 Quarter Arcade [Just $0.25!] (All Day)",2017-05-07,50,"$0.25"
"40575250","MLB $9K Moonshot (Turbo)",2017-05-07,30,"$3.00"
"40575247","MLB $1.5K Solo Shot (Turbo)",2017-05-07,15,"$1.00"
"40575243","MLB $1K Quarter Arcade [Just $0.25!]  (Turbo)",2017-05-07,50,"$0.25"
"40579344","MLB $35K Four-Seamer (Afternoon)",2017-05-07,150,"$4.00"
"40579342","MLB $25K Fastball (Afternoon)",2017-05-07,25,"$33.00"
"40575299","MLB $1K Flare (Afternoon)",2017-05-07,15,"$2.00"
"40575304","MLB $2.5K Solo Shot (Afternoon)",2017-05-07,50,"$1.00"
"40575301","MLB $1.5K Quarter Arcade [Just $0.25!] (Afternoon)",2017-05-07,50,"$0.25"
"40575339","MLB $2 Double Up (Afternoon)",2017-05-07,15,"$2.00"
"40575736","MLB SUPERSatellite to PGA $600K Drive the Green [25x] (Afternoon)",2017-05-07,14,"$0.25"
"40575458","MLB $7K Moonshot (Turbo)",2017-05-07,25,"$3.00"
"40575459","MLB $1.5K Solo Shot (Turbo)",2017-05-07,15,"$1.00"
"40575463","MLB $750 Quarter Arcade [Just $0.25!] (Turbo)",2017-05-07,50,"$0.25"
"40575498","MLB $4K Moonshot (Late)",2017-05-07,45,"$3.00"
"40575497","MLB $1K Solo Shot (Late)",2017-05-07,30,"$1.00"
"40575502","MLB $500 Quarter Arcade [Just $0.25!] (Late)",2017-05-07,50,"$0.25"
"40548693","MLB $800K MEGA Crazy 8's [$150K to 1st]",2017-05-08,30,"$888.00"
"40608523","MLB $250K Medium Crazy 8's",2017-05-08,95,"$88.00"
"40610805","MLB $175K Crazy 8's",2017-05-08,150,"$8.00"
"40597224","Fans Choice: MLB $30K Survivor [Top 4,000 Advance!]",2017-05-08,150,"$5.00"
"40608522","MLB $50K Four-Seamer [20 Entry Max]",2017-05-08,20,"$4.00"
"40608519","MLB $30K Fastball",2017-05-08,30,"$33.00"
"40609333","MLB GIANT $25 Double Up",2017-05-08,40,"$25.00"
"40609327","MLB $5 Double Up",2017-05-08,100,"$5.00"
"40609328","MLB $5 Double Up",2017-05-08,100,"$5.00"
"40610349","MLB $6 Swing For The Fences SUPERSat [250x]",2017-05-08,50,"$1.00"
"40610350","MLB $6 Swing For The Fences SUPERSat [200x]",2017-05-08,150,"$0.25"
"40620703","MLB $3.5M Fantasy Golf Millionaire SUPERSat [30x]",2017-05-08,34,"$1.00"
"40620820","MLB SUPERSatellite to PGA $600K Drive the Green [25x]",2017-05-08,14,"$0.25"
"40609329","MLB $10 Double Up",2017-05-08,30,"$10.00"
"40609332","MLB $2 Double Up",2017-05-08,45,"$2.00"
"40608780","MLB $12.5K Solo Shot",2017-05-08,50,"$1.00"
"40608775","MLB $4K Knuckleball",2017-05-08,25,"$5.00"
"40608777","MLB $5K Flare",2017-05-08,25,"$2.00"
"40608779","MLB $6K Quarter Arcade",2017-05-08,50,"$0.25"
"40606906","MLB $12K Moonshot (Night)",2017-05-08,45,"$3.00"
"40606901","MLB $1K Flare (Night)",2017-05-08,15,"$2.00"
"40606902","MLB $1.5K Solo Shot (Night)",2017-05-08,15,"$1.00"
"40606899","MLB $1K Quarter Arcade [Just $0.25!]  (Night)",2017-05-08,50,"$0.25"
"40607820","MLB $20K Crazy 8's (Late Night)",2017-05-08,85,"$8.00"
"40607797","MLB $10K Four-Seamer (Late Night)",2017-05-08,75,"$4.00"
"40607745","MLB $1K Flare (Late Night)",2017-05-08,15,"$2.00"
"40607781","MLB $2K Solo Shot (Late Night)",2017-05-08,20,"$1.00"
"40607762","MLB $1.5K Quarter Arcade [Just $0.25!] (Late Night)",2017-05-08,50,"$0.25"
"40620711","MLB $3.5M Fantasy Golf Millionaire SUPERSatellite [10x] (Late Night)",2017-05-08,11,"$1.00"
"40642750","MLB $500K MEGA $8's Encore [$100K to 1st]",2017-05-09,18,"$888.00"
"40642748","MLB $325K Full Count",2017-05-09,150,"$55.00"
"40642749","MLB $200K Rally Cap",2017-05-09,150,"$8.00"
"40642746","MLB $100K Four-Seamer [20 Entry Max]",2017-05-09,20,"$4.00"
"40638289","MLB $6 Swing For The Fences SUPERSat [150x]",2017-05-09,50,"$0.25"
"40638288","MLB $6 Swing For The Fences SUPERSat [400x]",2017-05-09,50,"$1.00"
"40637306","MLB $5 Double Up",2017-05-09,100,"$5.00"
"40637404","MLB $5 Double Up",2017-05-09,100,"$5.00"
"40637316","MLB GIANT $25 Double Up",2017-05-09,40,"$25.00"
"40637311","MLB $15K Solo Shot",2017-05-09,50,"$1.00"
"40637312","MLB $10 Double Up",2017-05-09,30,"$10.00"
"40637317","MLB $2 Double Up",2017-05-09,50,"$2.00"
"40637303","MLB $4K Knuckleball",2017-05-09,25,"$5.00"
"40637310","MLB $5K Flare",2017-05-09,25,"$2.00"
"40637318","MLB $6K Quarter Arcade",2017-05-09,50,"$0.25"
"40655293","2 DAYS: MLB SUPERSatellite to PGA $600K Drive the Green [25x]",2017-05-09,14,"$0.25"
"40657559","MLB $3K Moonshot (Early)",2017-05-09,30,"$3.00"
"40661128","MLB $500 Solo Shot (Early)",2017-05-09,15,"$1.00"
"40655002","MLB $1K Solo Shot (Early)",2017-05-09,30,"$1.00"
"40661122","MLB $250 Quarter Arcade [Just $0.25!]  (Early)",2017-05-09,35,"$0.25"
"40655001","MLB $500 Quarter Arcade [Just $0.25!] (Early)",2017-05-09,50,"$0.25"
"40661328","MLB $2.5K Four-Seamer (Turbo)",2017-05-09,20,"$4.00"
"40660713","MLB $500 Solo Shot (Turbo)",2017-05-09,15,"$1.00"
"40634342","MLB $7K Moonshot (Turbo)",2017-05-09,25,"$3.00"
"40634344","MLB $1.5K Solo Shot (Turbo)",2017-05-09,15,"$1.00"
"40634346","MLB $750 Quarter Arcade [Just $0.25!] (Turbo)",2017-05-09,50,"$0.25"
"40634436","MLB $6K Moonshot (Turbo)",2017-05-09,50,"$3.00"
"40634432","MLB $1K Solo Shot (Turbo)",2017-05-09,30,"$1.00"
"40634435","MLB $750 Quarter Arcade [Just $0.25!] (Turbo)",2017-05-09,50,"$0.25"
"40635361","MLB $20K Four-Seamer (Night)",2017-05-09,150,"$4.00"
"40635358","MLB $15K Fastball (Night)",2017-05-09,15,"$33.00"
"40635349","MLB $1K Flare (Night)",2017-05-09,15,"$2.00"
"40635352","MLB $2K Solo Shot (Night)",2017-05-09,20,"$1.00"
"40635348","MLB $1K Quarter Arcade [Just $0.25!]  (Night)",2017-05-09,50,"$0.25"
"40635635","MLB $10K Moonshot (Late Night)",2017-05-09,35,"$3.00"
"40635626","MLB $1K Solo Shot (Late Night)",2017-05-09,30,"$1.00"
"40635631","MLB $750 Quarter Arcade [Just $0.25!] (Late Night)",2017-05-09,50,"$0.25"
"40678994","MLB $100K Fastball (Early)",2017-05-10,100,"$33.00"
"40678999","MLB $60K Four-Seamer [20 Entry Max] (Early)",2017-05-10,20,"$4.00"
"40678959","MLB $250K Full Count",2017-05-10,150,"$55.00"
"40678958","MLB $150K Rally Cap",2017-05-10,150,"$8.00"
"40678953","MLB $75K Four-Seamer [20 Entry Max]",2017-05-10,20,"$4.00"
"40678950","MLB $150K Perfect Game",2017-05-10,15,"$333.00"
"40669122","MLB $5 Double Up (Early)",2017-05-10,45,"$5.00"
"40668950","MLB $3K Moonshot (All Day)",2017-05-10,30,"$3.00"
"40696604","MLB $1.5K Solo Shot (Early)",2017-05-10,15,"$1.00"
"40668951","MLB $750 Solo Shot (All Day)",2017-05-10,25,"$1.00"
"40668952","MLB $500 Quarter Arcade [Just $0.25!] (All Day)",2017-05-10,50,"$0.25"
"40668821","MLB $5K Moonshot (Afternoon)",2017-05-10,50,"$3.00"
"40668820","MLB $1K Solo Shot (Afternoon)",2017-05-10,30,"$1.00"
"40668824","MLB $750 Quarter Arcade [Just $0.25!] (Afternoon)",2017-05-10,50,"$0.25"
"40669065","MLB $5K Moonshot (Turbo)",2017-05-10,50,"$3.00"
"40669068","MLB $750 Solo Shot (Turbo)",2017-05-10,25,"$1.00"
"40669069","MLB $500 Quarter Arcade [Just $0.25!] (Turbo)",2017-05-10,50,"$0.25"
"40671797","MLB GIANT $25 Double Up",2017-05-10,40,"$25.00"
"40671793","MLB $5 Double Up",2017-05-10,100,"$5.00"
"40671795","MLB $5 Double Up",2017-05-10,75,"$5.00"
"40671796","MLB $10 Double Up",2017-05-10,15,"$10.00"
"40671798","MLB $2 Double Up",2017-05-10,25,"$2.00"
"40671931","MLB $6 Swing For The Fences SUPERSat [175x]",2017-05-10,35,"$1.00"
"40671924","MLB $6 Swing For The Fences SUPERSat [150x]",2017-05-10,50,"$0.25"
"40672833","LAST SHOT: MLB SUPERSatellite to PGA $600K Drive the Green [25x]",2017-05-10,14,"$0.25"
"40671717","MLB $4K Flare",2017-05-10,50,"$2.00"
"40671721","MLB $10K Solo Shot",2017-05-10,50,"$1.00"
"40671712","MLB $5K Quarter Arcade",2017-05-10,50,"$0.25"
"40672909","MLB $1.5K Solo Shot (Turbo)",2017-05-10,15,"$1.00"
"40672913","MLB $750 Quarter Arcade [Just $0.25!] (Turbo)",2017-05-10,50,"$0.25"
"40672915","MLB $10K Moonshot (Turbo)",2017-05-10,35,"$3.00"
"40672996","MLB $1K Quarter Arcade [Just $0.25!]  (Night)",2017-05-10,50,"$0.25"
"40673006","MLB $15K Fastball (Night)",2017-05-10,15,"$33.00"
"40672999","MLB $1K Flare (Night)",2017-05-10,15,"$2.00"
"40673003","MLB $2K Solo Shot (Night)",2017-05-10,20,"$1.00"
"40673009","MLB $25K Four-Seamer (Night)",2017-05-10,150,"$4.00"
"40719007","MLB $40K Fastball (Early)",2017-05-11,40,"$33.00"
"40719006","MLB $40K Four-Seamer [20 Entry Max] (Early)",2017-05-11,20,"$4.00"
"40719203","MLB $250K Fastball [$25K to 1st]",2017-05-11,150,"$33.00"
"40719205","MLB $140K Four-Seamer [20 Entry Max]",2017-05-11,20,"$4.00"
"40707548","MLB $5 Double Up (Early)",2017-05-11,25,"$5.00"
"40707547","MLB $5K Solo Shot (Early)",2017-05-11,50,"$1.00"
"40707555","MLB $2 Double Up (Early)",2017-05-11,15,"$2.00"
"40707550","MLB $1.5K Flare (Early)",2017-05-11,25,"$2.00"
"40707553","MLB $2K Quarter Arcade [Just $0.25!] (Early)",2017-05-11,50,"$0.25"
"40707432","MLB $2.5K Moonshot (All Day)",2017-05-11,25,"$3.00"
"40707431","MLB $750 Solo Shot (All Day)",2017-05-11,25,"$1.00"
"40707433","MLB $500 Quarter Arcade [Just $0.25!] (All Day)",2017-05-11,50,"$0.25"
"40708480","MLB $25 Double Up",2017-05-11,15,"$25.00"
"40708481","MLB $5 Double Up",2017-05-11,45,"$5.00"
"40708482","MLB $5 Double Up",2017-05-11,50,"$5.00"
"40708479","MLB $10 Double Up",2017-05-11,15,"$10.00"
"40708483","MLB $2 Double Up",2017-05-11,50,"$2.00"
"40707990","MLB $2.5K Knuckleball",2017-05-11,15,"$5.00"
"40707997","MLB $4K Flare",2017-05-11,50,"$2.00"
"40707999","MLB $8K Solo Shot",2017-05-11,50,"$1.00"
"40707998","MLB $4K Quarter Arcade [Just $0.25!]",2017-05-11,50,"$0.25"
"40708879","MLB $6 Swing For The Fences SUPERSat [200x]",2017-05-11,40,"$1.00"
"40708873","MLB $6 Swing For The Fences SUPERSat [100x]",2017-05-11,50,"$0.25"
"40708607","MLB $7K Moonshot (Turbo)",2017-05-11,25,"$3.00"
"40708609","MLB $1.5K Solo Shot (Turbo)",2017-05-11,15,"$1.00"
"40708610","MLB $750 Quarter Arcade [Just $0.25!] (Turbo)",2017-05-11,50,"$0.25"
"40708721","MLB $6K Moonshot (Turbo)",2017-05-11,50,"$3.00"
"40708716","MLB $1K Solo Shot (Turbo)",2017-05-11,30,"$1.00"
"40708720","MLB $500 Quarter Arcade [Just $0.25!] (Turbo)",2017-05-11,50,"$0.25"
"40711213","MLB $25K Four-Seamer (Night)",2017-05-11,150,"$4.00"
"40711210","MLB $15K Fastball (Night)",2017-05-11,15,"$33.00"
"40711202","MLB $1K Flare (Night)",2017-05-11,15,"$2.00"
"40711206","MLB $2K Solo Shot (Night)",2017-05-11,20,"$1.00"
"40711199","MLB $1K Quarter Arcade [Just $0.25!]  (Night)",2017-05-11,50,"$0.25"
"40711290","MLB $10K Moonshot (Late Night)",2017-05-11,35,"$3.00"
"40711276","MLB $1.5K Solo Shot (Late Night)",2017-05-11,15,"$1.00"
"40711286","MLB $750 Quarter Arcade [Just $0.25!] (Late Night)",2017-05-11,50,"$0.25"
"40749175","MLB $400K FRIDAY Home Run  [$100K to 1st]",2017-05-12,33,"$400.00"
"40749179","MLB $300K Full Count",2017-05-12,150,"$55.00"
"40749178","MLB $150K Rally Cap",2017-05-12,150,"$8.00"
"40749174","MLB $100K Four-Seamer [20 Entry Max]",2017-05-12,20,"$4.00"
"40739675","MLB GIANT $25 Double Up",2017-05-12,40,"$25.00"
"40739715","MLB $5 Double Up",2017-05-12,100,"$5.00"
"40739664","MLB $5 Double Up",2017-05-12,100,"$5.00"
"40740207","MLB $6 Swing For The Fences SUPERSat [400x]",2017-05-12,50,"$1.00"
"40739676","MLB $12.5K Solo Shot",2017-05-12,50,"$1.00"
"40739672","MLB $10 Double Up",2017-05-12,25,"$10.00"
"40739674","MLB $2 Double Up",2017-05-12,45,"$2.00"
"40740208","MLB $6 Swing For The Fences SUPERSat [150x]",2017-05-12,50,"$0.25"
"40739659","MLB $4K Knuckleball",2017-05-12,25,"$5.00"
"40739669","MLB $4K Flare",2017-05-12,50,"$2.00"
"40739662","MLB $5K Quarter Arcade",2017-05-12,50,"$0.25"
"40741443","MLB $5K Moonshot (Turbo)",2017-05-12,50,"$3.00"
"40741442","MLB $1K Solo Shot (Turbo)",2017-05-12,30,"$1.00"
"40741446","MLB $750 Quarter Arcade [Just $0.25!] (Turbo)",2017-05-12,50,"$0.25"
"40741545","MLB $4K Moonshot (Turbo)",2017-05-12,45,"$3.00"
"40741548","MLB $750 Solo Shot (Turbo)",2017-05-12,25,"$1.00"
"40741549","MLB $500 Quarter Arcade [Just $0.25!] (Turbo)",2017-05-12,50,"$0.25"
"40741785","MLB $20K Four-Seamer (Night)",2017-05-12,150,"$4.00"
"40741781","MLB $15K Fastball (Night)",2017-05-12,15,"$33.00"
"40741772","MLB $1K Flare (Night)",2017-05-12,15,"$2.00"
"40741776","MLB $2K Solo Shot (Night)",2017-05-12,20,"$1.00"
"40741770","MLB $1K Quarter Arcade [Just $0.25!]  (Night)",2017-05-12,50,"$0.25"
"40741997","MLB $8K Four-Seamer (Late Night)",2017-05-12,70,"$4.00"
"40741990","MLB $1K Solo Shot (Late Night)",2017-05-12,30,"$1.00"
"40741995","MLB $750 Quarter Arcade [Just $0.25!] (Late Night)",2017-05-12,50,"$0.25"
"40775291","MLB $250K Saturday Slugfest",2017-05-13,150,"$40.00"
"40775292","MLB $100K Four-Seamer [20 Entry Max]",2017-05-13,20,"$4.00"
"40775290","MLB $150K Perfect Game",2017-05-13,15,"$333.00"
"40775246","MLB $110K Fastball (Early)",2017-05-13,115,"$33.00"
"40775247","MLB $50K Four-Seamer [20 Entry Max] (Early)",2017-05-13,20,"$4.00"
"40766708","MLB $5 Double Up (Early)",2017-05-13,30,"$5.00"
"40766711","MLB $1.5K Flare (Early)",2017-05-13,25,"$2.00"
"40766707","MLB $5K Solo Shot (Early)",2017-05-13,50,"$1.00"
"40766712","MLB $2K Quarter Arcade [Just $0.25!] (Early)",2017-05-13,50,"$0.25"
"40766603","MLB $4K Moonshot (All Day)",2017-05-13,45,"$3.00"
"40766602","MLB $1K Solo Shot (All Day)",2017-05-13,30,"$1.00"
"40766607","MLB $750 Quarter Arcade [Just $0.25!] (All Day)",2017-05-13,50,"$0.25"
"40767882","MLB $5 Double Up",2017-05-13,100,"$5.00"
"40767888","MLB $25 Double Up",2017-05-13,20,"$25.00"
"40767903","MLB $10K Solo Shot",2017-05-13,50,"$1.00"
"40767885","MLB $10 Double Up",2017-05-13,20,"$10.00"
"40767892","MLB $2 Double Up",2017-05-13,50,"$2.00"
"40768131","MLB $6 Swing For The Fences SUPERSat [175x]",2017-05-13,35,"$1.00"
"40768125","MLB $6 Swing For The Fences SUPERSat [150x]",2017-05-13,50,"$0.25"
"40767880","MLB $3K Knuckleball",2017-05-13,20,"$5.00"
"40767886","MLB $4K Flare",2017-05-13,50,"$2.00"
"40767887","MLB $4K Quarter Arcade [Just $0.25!]",2017-05-13,50,"$0.25"
"40769919","MLB $12K Four-Seamer (Afternoon)",2017-05-13,100,"$4.00"
"40769910","MLB $1K Solo Shot (Afternoon)",2017-05-13,30,"$1.00"
"40769915","MLB $750 Quarter Arcade [Just $0.25!] (Afternoon)",2017-05-13,50,"$0.25"
"40770051","MLB $20K Four-Seamer (Night)",2017-05-13,150,"$4.00"
"40770040","MLB $1.5K Solo Shot (Night)",2017-05-13,15,"$1.00"
"40770044","MLB $750 Quarter Arcade [Just $0.25!] (Night)",2017-05-13,50,"$0.25"
"40807610","MLB $300K Mother's Day Special",2017-05-14,150,"$50.00"
"40807611","MLB $100K Mini Mother's Day Special [20 Entry Max]",2017-05-14,20,"$4.00"
"40807607","MLB $140K Perfect Game",2017-05-14,14,"$333.00"
"40802496","MLB $25 Double Up",2017-05-14,24,"$25.00"
"40802498","MLB $5 Double Up",2017-05-14,50,"$5.00"
"40802495","MLB $5 Double Up",2017-05-14,50,"$5.00"
"40802711","MLB $6 Swing For The Fences SUPERSat [175x]",2017-05-14,35,"$1.00"
"40802708","MLB $6 Swing For The Fences SUPERSat [150x]",2017-05-14,50,"$0.25"
"40802706","MLB $3.5M Fantasy Golf Millionaire SUPERSatellite [10x]",2017-05-14,11,"$1.00"
"40802346","MLB $3K Flare",2017-05-14,50,"$2.00"
"40802353","MLB $10K Solo Shot",2017-05-14,50,"$1.00"
"40802348","MLB $4K Quarter Arcade [Just $0.25!]",2017-05-14,50,"$0.25"
"40802255","MLB $6K Moonshot (All Day)",2017-05-14,50,"$3.00"
"40802249","MLB $1.5K Solo Shot (All Day)",2017-05-14,15,"$1.00"
"40802254","MLB $750 Quarter Arcade [Just $0.25!] (All Day)",2017-05-14,50,"$0.25"
"40803550","MLB $9K Moonshot (Turbo)",2017-05-14,30,"$3.00"
"40803547","MLB $1.5K Solo Shot (Turbo)",2017-05-14,15,"$1.00"
"40803543","MLB $1K Quarter Arcade [Just $0.25!]  (Turbo)",2017-05-14,50,"$0.25"
"40807641","MLB $25K Four-Seamer (Afternoon)",2017-05-14,150,"$4.00"
"40807640","MLB $15K Fastball (Afternoon)",2017-05-14,15,"$33.00"
"40803816","MLB $2 Double Up (Afternoon)",2017-05-14,15,"$2.00"
"40803643","MLB $1K Flare (Afternoon)",2017-05-14,15,"$2.00"
"40803645","MLB $2K Solo Shot (Afternoon)",2017-05-14,20,"$1.00"
"40803641","MLB $1K Quarter Arcade [Just $0.25!]  (Afternoon)",2017-05-14,50,"$0.25"
"40803863","MLB $4K Moonshot (Turbo)",2017-05-14,45,"$3.00"
"40803862","MLB $1K Solo Shot (Turbo)",2017-05-14,30,"$1.00"
"40803861","MLB $5K Quarter Arcade (Turbo)",2017-05-14,50,"$0.25"
"40803916","MLB $5K Moonshot (Night)",2017-05-14,50,"$3.00"
"40803915","MLB $1K Solo Shot (Night)",2017-05-14,30,"$1.00"
"40803919","MLB $500 Quarter Arcade [Just $0.25!] (Night)",2017-05-14,50,"$0.25"
"40828110","MLB $200K Fastball [$30K to 1st]",2017-05-15,150,"$33.00"
"40827113","MLB $100K Four-Seamer [20 Entry Max]",2017-05-15,20,"$4.00"
"40827109","MLB $150K Perfect Game",2017-05-15,15,"$333.00"
"40827096","MLB $25 Double Up",2017-05-15,20,"$25.00"
"40827091","MLB $5 Double Up",2017-05-15,100,"$5.00"
"40827240","MLB $6K Four-Seamer (All Day)",2017-05-15,50,"$4.00"
"40827238","MLB $1.5K Solo Shot (All Day)",2017-05-15,15,"$1.00"
"40827239","MLB $750 Quarter Arcade [Just $0.25!] (All Day)",2017-05-15,50,"$0.25"
"40827097","MLB $10 Double Up",2017-05-15,15,"$10.00"
"40828109","MLB $2 Double Up",2017-05-15,50,"$2.00"
"40827102","MLB $12.5K Solo Shot",2017-05-15,50,"$1.00"
"40827089","MLB $4K Knuckleball",2017-05-15,25,"$5.00"
"40827095","MLB $5K Flare",2017-05-15,25,"$2.00"
"40827090","MLB $5K Quarter Arcade",2017-05-15,50,"$0.25"
"40827775","MLB $6 Swing For The Fences SUPERSat [150x]",2017-05-15,30,"$1.00"
"40827774","MLB $6 Swing For The Fences SUPERSat [100x]",2017-05-15,50,"$0.25"
"40828165","MLB $25K Crazy 8's (Night)",2017-05-15,100,"$8.00"
"40828162","MLB $15K Fastball (Night)",2017-05-15,15,"$33.00"
"40828161","MLB $15K Four-Seamer (Night)",2017-05-15,100,"$4.00"
"40828155","MLB $1K Flare (Night)",2017-05-15,15,"$2.00"
"40828164","MLB $2.5K Solo Shot (Night)",2017-05-15,50,"$1.00"
"40828156","MLB $1.5K Quarter Arcade [Just $0.25!] (Night)",2017-05-15,50,"$0.25"
"40829734","MLB $15K Four-Seamer (Late Night)",2017-05-15,100,"$4.00"
"40829732","MLB $2K Solo Shot (Late Night)",2017-05-15,20,"$1.00"
"40829725","MLB $1K Quarter Arcade [Just $0.25!]  (Late Night)",2017-05-15,50,"$0.25"
"40859869","MLB $40K Four-Seamer [20 Entry Max] (Early)",2017-05-16,20,"$4.00"
"40859868","MLB $35K Fastball (Early)",2017-05-16,35,"$33.00"
"40880675","MLB $75K Full Count",2017-05-16,45,"$55.00"
"40860032","MLB $300K Full Count [$50K to 1st]",2017-05-16,150,"$55.00"
"40860570","MLB $250K Grand Slam",2017-05-16,18,"$444.00"
"40860031","MLB $115K Rally Cap",2017-05-16,150,"$8.00"
"40860030","MLB $70K Four-Seamer [20 Entry Max]",2017-05-16,20,"$4.00"
"40859869","MLB $40K Four-Seamer [20 Entry Max] (Early)",2017-05-16,20,"$4.00"
"40859868","MLB $35K Fastball (Early)",2017-05-16,35,"$33.00"
"40848526","MLB $5 Double Up (Early)",2017-05-16,20,"$5.00"
"40852679","MLB GIANT $25 Double Up",2017-05-16,30,"$25.00"
"40852673","MLB $5 Double Up",2017-05-16,50,"$5.00"
"40852670","MLB $5 Double Up",2017-05-16,100,"$5.00"
"40848530","MLB $4K Solo Shot (Early)",2017-05-16,45,"$1.00"
"40848527","MLB $1.5K Flare (Early)",2017-05-16,25,"$2.00"
"40848529","MLB $2K Quarter Arcade [Just $0.25!] (Early)",2017-05-16,50,"$0.25"
"40847493","MLB $3K Moonshot (All Day)",2017-05-16,30,"$3.00"
"40847495","MLB $750 Solo Shot (All Day)",2017-05-16,25,"$1.00"
"40847496","MLB $500 Quarter Arcade [Just $0.25!] (All Day)",2017-05-16,50,"$0.25"
"40852691","MLB $10K Solo Shot",2017-05-16,50,"$1.00"
"40852676","MLB $10 Double Up",2017-05-16,20,"$10.00"
"40852693","MLB $2 Double Up",2017-05-16,50,"$2.00"
"40853236","MLB $6 Swing For The Fences SUPERSat [175x]",2017-05-16,35,"$1.00"
"40853235","MLB $6 Swing For The Fences SUPERSat [100x]",2017-05-16,50,"$0.25"
"40852667","MLB $2.5K Knuckleball",2017-05-16,15,"$5.00"
"40852674","MLB $4K Flare",2017-05-16,50,"$2.00"
"40852675","MLB $4K Quarter Arcade [Just $0.25!]",2017-05-16,50,"$0.25"
"40854472","MLB $5K Moonshot (Turbo)",2017-05-16,50,"$3.00"
"40854476","MLB $750 Solo Shot (Turbo)",2017-05-16,25,"$1.00"
"40854477","MLB $500 Quarter Arcade [Just $0.25!] (Turbo)",2017-05-16,50,"$0.25"
"40856641","MLB $15K Four-Seamer (Night)",2017-05-16,100,"$4.00"
"40856632","MLB $1.5K Solo Shot (Night)",2017-05-16,15,"$1.00"
"40856637","MLB $750 Quarter Arcade [Just $0.25!] (Night)",2017-05-16,50,"$0.25"
"40856753","MLB $4K Four-Seamer (Late Night)",2017-05-16,35,"$4.00"
"40856748","MLB $1K Solo Shot (Late Night)",2017-05-16,30,"$1.00"
"40856752","MLB $750 Quarter Arcade [Just $0.25!] (Late Night)",2017-05-16,50,"$0.25"
"40860032","MLB $300K Full Count [$50K to 1st]",2017-05-16,150,"$55.00"
"40860570","MLB $250K Grand Slam",2017-05-16,18,"$444.00"
"40860031","MLB $115K Rally Cap",2017-05-16,150,"$8.00"
"40860030","MLB $70K Four-Seamer [20 Entry Max]",2017-05-16,20,"$4.00"
"40848526","MLB $5 Double Up (Early)",2017-05-16,20,"$5.00"
"40848530","MLB $4K Solo Shot (Early)",2017-05-16,45,"$1.00"
"40852679","MLB GIANT $25 Double Up",2017-05-16,30,"$25.00"
"40852673","MLB $5 Double Up",2017-05-16,50,"$5.00"
"40852670","MLB $5 Double Up",2017-05-16,100,"$5.00"
"40859869","MLB $40K Four-Seamer [20 Entry Max] (Early)",2017-05-16,20,"$4.00"
"40859868","MLB $35K Fastball (Early)",2017-05-16,35,"$33.00"
"40848526","MLB $5 Double Up (Early)",2017-05-16,20,"$5.00"
"40852679","MLB GIANT $25 Double Up",2017-05-16,30,"$25.00"
"40852673","MLB $5 Double Up",2017-05-16,50,"$5.00"
"40852670","MLB $5 Double Up",2017-05-16,100,"$5.00"
"40848530","MLB $4K Solo Shot (Early)",2017-05-16,45,"$1.00"
"40848527","MLB $1.5K Flare (Early)",2017-05-16,25,"$2.00"
"40848529","MLB $2K Quarter Arcade [Just $0.25!] (Early)",2017-05-16,50,"$0.25"
"40847493","MLB $3K Moonshot (All Day)",2017-05-16,30,"$3.00"
"40847495","MLB $750 Solo Shot (All Day)",2017-05-16,25,"$1.00"
"40847496","MLB $500 Quarter Arcade [Just $0.25!] (All Day)",2017-05-16,50,"$0.25"
"40852691","MLB $10K Solo Shot",2017-05-16,50,"$1.00"
"40852676","MLB $10 Double Up",2017-05-16,20,"$10.00"
"40852693","MLB $2 Double Up",2017-05-16,50,"$2.00"
"40853236","MLB $6 Swing For The Fences SUPERSat [175x]",2017-05-16,35,"$1.00"
"40853235","MLB $6 Swing For The Fences SUPERSat [100x]",2017-05-16,50,"$0.25"
"40852667","MLB $2.5K Knuckleball",2017-05-16,15,"$5.00"
"40852674","MLB $4K Flare",2017-05-16,50,"$2.00"
"40852675","MLB $4K Quarter Arcade [Just $0.25!]",2017-05-16,50,"$0.25"
"40854472","MLB $5K Moonshot (Turbo)",2017-05-16,50,"$3.00"
"40854476","MLB $750 Solo Shot (Turbo)",2017-05-16,25,"$1.00"
"40854477","MLB $500 Quarter Arcade [Just $0.25!] (Turbo)",2017-05-16,50,"$0.25"
"40856641","MLB $15K Four-Seamer (Night)",2017-05-16,100,"$4.00"
"40856632","MLB $1.5K Solo Shot (Night)",2017-05-16,15,"$1.00"
"40856637","MLB $750 Quarter Arcade [Just $0.25!] (Night)",2017-05-16,50,"$0.25"
"40856753","MLB $4K Four-Seamer (Late Night)",2017-05-16,35,"$4.00"
"40856748","MLB $1K Solo Shot (Late Night)",2017-05-16,30,"$1.00"
"40856752","MLB $750 Quarter Arcade [Just $0.25!] (Late Night)",2017-05-16,50,"$0.25"
"40893966","MLB $250K Full Count",2017-05-17,150,"$55.00"
"40893965","MLB $150K Rally Cap",2017-05-17,150,"$8.00"
"40893964","MLB $75K Four-Seamer [20 Entry Max]",2017-05-17,20,"$4.00"
"40893962","MLB $150K Perfect Game",2017-05-17,15,"$333.00"
"40893941","MLB $60K Fastball (Early)",2017-05-17,60,"$33.00"
"40893939","MLB $25K Four-Seamer [20 Entry Max] (Early)",2017-05-17,20,"$4.00"
"40890278","MLB $5 Double Up (Early)",2017-05-17,30,"$5.00"
"40890282","MLB $2 Double Up (Early)",2017-05-17,15,"$2.00"
"40889934","MLB $1.5K Flare (Early)",2017-05-17,25,"$2.00"
"40889937","MLB $4K Solo Shot (Early)",2017-05-17,45,"$1.00"
"40889936","MLB $2K Quarter Arcade [Just $0.25!] (Early)",2017-05-17,50,"$0.25"
"40888546","MLB $2K Moonshot (All Day)",2017-05-17,20,"$3.00"
"40888547","MLB $500 Solo Shot (All Day)",2017-05-17,15,"$1.00"
"40888541","MLB $400 Quarter Arcade [Just $0.25!] (All Day)",2017-05-17,50,"$0.25"
"40891204","MLB GIANT $25 Double Up",2017-05-17,30,"$25.00"
"40891200","MLB $5 Double Up",2017-05-17,100,"$5.00"
"40891202","MLB $5 Double Up",2017-05-17,50,"$5.00"
"40891533","MLB $6 Swing For The Fences SUPERSat [150x]",2017-05-17,30,"$1.00"
"40891526","MLB $6 Swing For The Fences SUPERSat [100x]",2017-05-17,50,"$0.25"
"40891520","MLB $3.5M Fantasy Golf Millionaire SUPERSatellite [10x]",2017-05-17,11,"$1.00"
"40891203","MLB $10 Double Up",2017-05-17,15,"$10.00"
"40891205","MLB $2 Double Up",2017-05-17,50,"$2.00"
"40891004","MLB $4K Flare",2017-05-17,50,"$2.00"
"40891008","MLB $10K Solo Shot",2017-05-17,50,"$1.00"
"40890999","MLB $5K Quarter Arcade",2017-05-17,50,"$0.25"
"40888762","MLB $5K Moonshot (Turbo)",2017-05-17,50,"$3.00"
"40888761","MLB $1K Solo Shot (Turbo)",2017-05-17,30,"$1.00"
"40888767","MLB $500 Quarter Arcade [Just $0.25!] (Turbo)",2017-05-17,50,"$0.25"
"40888846","MLB $5K Moonshot (Turbo)",2017-05-17,50,"$3.00"
"40888845","MLB $1K Solo Shot (Turbo)",2017-05-17,30,"$1.00"
"40888850","MLB $500 Quarter Arcade [Just $0.25!] (Turbo)",2017-05-17,50,"$0.25"
"40894567","MLB $15K Four-Seamer (Night)",2017-05-17,100,"$4.00"
"40894560","MLB $1.5K Solo Shot (Night)",2017-05-17,15,"$1.00"
"40894564","MLB $750 Quarter Arcade [Just $0.25!] (Night)",2017-05-17,50,"$0.25"
"40930350","MLB $200K Fastball",2017-05-18,150,"$33.00"
"40930352","MLB $75K Four-Seamer [20 Entry Max]",2017-05-18,20,"$4.00"
"40918737","MLB $3K Moonshot (Turbo)",2017-05-18,30,"$3.00"
"40943524","MLB $250 Quarter Arcade [Just $0.25!]  (Turbo)",2017-05-18,35,"$0.25"
"40919670","MLB $6 Swing For The Fences SUPERSat [150x]",2017-05-18,30,"$1.00"
"40919355","MLB $5 Double Up",2017-05-18,45,"$5.00"
"40919357","MLB $5 Double Up",2017-05-18,50,"$5.00"
"40919658","MLB $6 Swing For The Fences SUPERSat [50x]",2017-05-18,40,"$0.25"
"40919358","MLB $2 Double Up",2017-05-18,50,"$2.00"
"40919214","MLB $3K Flare",2017-05-18,50,"$2.00"
"40919217","MLB $7.5K Solo Shot",2017-05-18,50,"$1.00"
"40919218","MLB $4K Quarter Arcade [Just $0.25!]",2017-05-18,50,"$0.25"
"40921574","MLB $7K Moonshot (Night)",2017-05-18,25,"$3.00"
"40920570","MLB $750 Solo Shot (Night)",2017-05-18,25,"$1.00"
"40920572","MLB $500 Quarter Arcade [Just $0.25!] (Night)",2017-05-18,50,"$0.25"
"40921590","MLB $12K Four-Seamer (Late Night)",2017-05-18,100,"$4.00"
"40920606","MLB $1.5K Solo Shot (Late Night)",2017-05-18,15,"$1.00"
"40920611","MLB $750 Quarter Arcade [Just $0.25!] (Late Night)",2017-05-18,50,"$0.25"
"40930350","MLB $200K Fastball",2017-05-18,150,"$33.00"
"40930352","MLB $75K Four-Seamer [20 Entry Max]",2017-05-18,20,"$4.00"
"40918737","MLB $3K Moonshot (Turbo)",2017-05-18,30,"$3.00"
"40943524","MLB $250 Quarter Arcade [Just $0.25!]  (Turbo)",2017-05-18,35,"$0.25"
"40919670","MLB $6 Swing For The Fences SUPERSat [150x]",2017-05-18,30,"$1.00"
"40919355","MLB $5 Double Up",2017-05-18,45,"$5.00"
"40919357","MLB $5 Double Up",2017-05-18,50,"$5.00"
"40919658","MLB $6 Swing For The Fences SUPERSat [50x]",2017-05-18,40,"$0.25"
"40919358","MLB $2 Double Up",2017-05-18,50,"$2.00"
"40919214","MLB $3K Flare",2017-05-18,50,"$2.00"
"40919217","MLB $7.5K Solo Shot",2017-05-18,50,"$1.00"
"40919218","MLB $4K Quarter Arcade [Just $0.25!]",2017-05-18,50,"$0.25"
"40921574","MLB $7K Moonshot (Night)",2017-05-18,25,"$3.00"
"40920570","MLB $750 Solo Shot (Night)",2017-05-18,25,"$1.00"
"40920572","MLB $500 Quarter Arcade [Just $0.25!] (Night)",2017-05-18,50,"$0.25"
"40921590","MLB $12K Four-Seamer (Late Night)",2017-05-18,100,"$4.00"
"40920606","MLB $1.5K Solo Shot (Late Night)",2017-05-18,15,"$1.00"
"40920611","MLB $750 Quarter Arcade [Just $0.25!] (Late Night)",2017-05-18,50,"$0.25"
"40958861","MLB $300K Fastball [$50K to 1st]",2017-05-19,150,"$33.00"
"40958865","MLB $555K Walk-Off Home Run [$100K to 1st]",2017-05-19,33,"$555.00"
"40958866","MLB $100K Rally Cap",2017-05-19,150,"$8.00"
"40958863","MLB $60K Four-Seamer [20 Entry Max]",2017-05-19,20,"$4.00"
"40951732","MLB $4K Moonshot (All Day)",2017-05-19,45,"$3.00"
"40953393","MLB $5 Double Up",2017-05-19,50,"$5.00"
"40953390","MLB $5 Double Up",2017-05-19,100,"$5.00"
"40953400","MLB GIANT $25 Double Up",2017-05-19,30,"$25.00"
"40953512","MLB $6 Swing For The Fences SUPERSat [175x]",2017-05-19,35,"$1.00"
"40953511","MLB $6 Swing For The Fences SUPERSat [100x]",2017-05-19,50,"$0.25"
"40969136","MLB $500 Solo Shot (All Day)",2017-05-19,15,"$1.00"
"40968895","MLB $250 Quarter Arcade [Just $0.25!]  (All Day)",2017-05-19,35,"$0.25"
"40953396","MLB $10 Double Up",2017-05-19,20,"$10.00"
"40953401","MLB $2 Double Up",2017-05-19,50,"$2.00"
"40953412","MLB $10K Solo Shot",2017-05-19,50,"$1.00"
"40953394","MLB $4K Flare",2017-05-19,50,"$2.00"
"40953395","MLB $4K Quarter Arcade [Just $0.25!]",2017-05-19,50,"$0.25"
"40951810","MLB $1.5K Moonshot (Turbo)",2017-05-19,15,"$3.00"
"40951812","MLB $500 Solo Shot (Turbo)",2017-05-19,15,"$1.00"
"40951808","MLB $300 Quarter Arcade [Just $0.25!]  (Turbo)",2017-05-19,40,"$0.25"
"40951843","MLB $2K Moonshot (Turbo)",2017-05-19,20,"$3.00"
"40951844","MLB $500 Solo Shot (Turbo)",2017-05-19,15,"$1.00"
"40951839","MLB $400 Quarter Arcade [Just $0.25!] (Turbo)",2017-05-19,50,"$0.25"
"40952392","MLB $10K Four-Seamer (Night)",2017-05-19,75,"$4.00"
"40952383","MLB $1.5K Solo Shot (Night)",2017-05-19,15,"$1.00"
"40952388","MLB $750 Quarter Arcade [Just $0.25!] (Night)",2017-05-19,50,"$0.25"
"40952469","MLB $4K Four-Seamer (Late Night)",2017-05-19,35,"$4.00"
"40952463","MLB $1K Solo Shot (Late Night)",2017-05-19,30,"$1.00"
"40952467","MLB $500 Quarter Arcade [Just $0.25!] (Late Night)",2017-05-19,50,"$0.25"
"40984751","MLB $150K Saturday Slugfest",2017-05-20,125,"$40.00"
"40984754","MLB $65K Four-Seamer [20 Entry Max]",2017-05-20,20,"$4.00"
"40984722","MLB $110K Fastball (Early)",2017-05-20,115,"$33.00"
"40984723","MLB $50K Four-Seamer [20 Entry Max] (Early)",2017-05-20,20,"$4.00"
"40996209","MLB $2.5K Solo Shot (Early)",2017-05-20,50,"$1.00"
"40976381","2 DAYS: MLB $6 Swing For The Fences SUPERSat [150x] (Early)",2017-05-20,30,"$1.00"
"40976376","2 DAYS: MLB $6 Swing For The Fences SUPERSat [100x] (Early)",2017-05-20,50,"$0.25"
"40997640","MLB $1K Quarter Jukebox [Just $0.25!]  (Early)",2017-05-20,50,"$0.25"
"40976182","MLB $2.5K Quarter Jukebox [Just $0.25!] (Early)",2017-05-20,50,"$0.25"
"40976448","2 DAYS: MLB $6 Swing For The Fences SUPERSat [175x]",2017-05-20,35,"$1.00"
"40976447","2 DAYS: MLB $6 Swing For The Fences SUPERSat [100x]",2017-05-20,50,"$0.25"
"40976080","MLB $5 Double Up",2017-05-20,30,"$5.00"
"40976084","MLB $5 Double Up",2017-05-20,50,"$5.00"
"40976090","MLB $2 Double Up",2017-05-20,50,"$2.00"
"40976085","MLB $7.5K Solo Shot",2017-05-20,50,"$1.00"
"40976079","MLB $3K Flare",2017-05-20,50,"$2.00"
"40976086","MLB $4K Quarter Jukebox [Just $0.25!]",2017-05-20,50,"$0.25"
"40977558","MLB $15K Four-Seamer (Night)",2017-05-20,100,"$4.00"
"40977551","MLB $1.5K Solo Shot (Night)",2017-05-20,15,"$1.00"
"40977548","MLB $1K Quarter Jukebox [Just $0.25!]  (Night)",2017-05-20,50,"$0.25"
"41008865","MLB $260K Sunday Nifty Fifty",2017-05-21,150,"$50.00"
"41008859","MLB $80K Four-Seamer [20 Entry Max]",2017-05-21,20,"$4.00"
"41008855","MLB $150K Perfect Game",2017-05-21,15,"$333.00"
"41005234","MLB $25 Double Up",2017-05-21,24,"$25.00"
"41005235","MLB $5 Double Up",2017-05-21,50,"$5.00"
"41006913","LAST SHOT: MLB $6 Swing For The Fences SUPERSat [200x]",2017-05-21,40,"$1.00"
"41006910","LAST SHOT: MLB $6 Swing For The Fences SUPERSat [100x]",2017-05-21,50,"$0.25"
"41006907","MLB $3.5M Fantasy Golf Millionaire SUPERSatellite [10x]",2017-05-21,11,"$1.00"
"41005152","MLB $3K Flare",2017-05-21,50,"$2.00"
"40979629","MLB $300K Swing for the Fences [$50K to 1st]",2017-05-22,150,"$6.00"
"41029742","MLB $300K Full Count [$50K to 1st]",2017-05-22,150,"$55.00"
"41029743","MLB $225K Grand Slam",2017-05-22,16,"$444.00"
"41029731","MLB $20K Moonshot [20 Entry Max]",2017-05-22,20,"$3.00"
"41029715","MLB $5 Double Up",2017-05-22,100,"$5.00"
"41029724","MLB GIANT $25 Double Up",2017-05-22,30,"$25.00"
"41029714","MLB $5 Double Up",2017-05-22,100,"$5.00"
"41029718","MLB $10 Double Up",2017-05-22,20,"$10.00"
"41029725","MLB $2 Double Up",2017-05-22,50,"$2.00"
"41029719","MLB $5K Flare",2017-05-22,25,"$2.00"
"41029734","MLB $10K Solo Shot",2017-05-22,50,"$1.00"
"41029712","MLB $5K Quarter Jukebox",2017-05-22,50,"$0.25"
"41029977","MLB $7K Four-Seamer (Night)",2017-05-22,50,"$4.00"
"41029907","MLB $3K Moonshot (Turbo)",2017-05-22,30,"$3.00"
"41029904","MLB $1K Solo Shot (Turbo)",2017-05-22,30,"$1.00"
"41002334","MLB $888K MEGA 8's [$150K to 1st]",2017-05-23,33,"$888.00"
"41062488","MLB $250K Mini 8's [$50K to 1st]",2017-05-23,150,"$8.00"
"41062489","MLB $300K Medium 8's",2017-05-23,115,"$88.00"
"41062487","MLB $40K Four-Seamer [20 Entry Max]",2017-05-23,20,"$4.00"
"41051577","MLB $5 Double Up",2017-05-23,100,"$5.00"
"41051581","MLB $5 Double Up",2017-05-23,50,"$5.00"
"41051587","MLB GIANT $25 Double Up",2017-05-23,30,"$25.00"
"41051584","MLB $10 Double Up",2017-05-23,15,"$10.00"
"41051588","MLB $2 Double Up",2017-05-23,25,"$2.00"
"41051601","MLB $10K Solo Shot",2017-05-23,50,"$1.00"
"41051582","MLB $4K Flare",2017-05-23,50,"$2.00"
"41051583","MLB $4K Quarter Jukebox [Just $0.25!]",2017-05-23,50,"$0.25"
"41052701","MLB $3K Four-Seamer (Turbo)",2017-05-23,25,"$4.00"
"41071372","MLB $250 Quarter Jukebox [Just $0.25!]  (Turbo)",2017-05-23,35,"$0.25"
"41052694","MLB $250 Quarter Jukebox [Just $0.25!]  (Turbo)",2017-05-23,35,"$0.25"
"41052861","MLB $2K Four-Seamer (Turbo)",2017-05-23,15,"$4.00"
"41052859","MLB $200 Quarter Jukebox (Turbo)",2017-05-23,25,"$0.25"
"41052952","MLB $10K Four-Seamer (Night)",2017-05-23,75,"$4.00"
"41052946","MLB $1K Solo Shot (Night)",2017-05-23,30,"$1.00"
"41052949","MLB $750 Quarter Jukebox [Just $0.25!] (Night)",2017-05-23,50,"$0.25"
"41053117","MLB $4K Four-Seamer (Late Night)",2017-05-23,35,"$4.00"
"41053112","MLB $1K Solo Shot (Late Night)",2017-05-23,30,"$1.00"
"41053115","MLB $500 Quarter Jukebox [Just $0.25!] (Late Night)",2017-05-23,50,"$0.25"
"41087801","MLB $100K Slugfest [$10K to 1st] (Early)",2017-05-24,85,"$40.00"
"41087733","MLB $225K Fastball",2017-05-24,150,"$33.00"
"41087740","MLB $150K Rally Cap",2017-05-24,150,"$8.00"
"41119439","MLB $150K Fastball",2017-05-25,150,"$33.00"
"41119438","MLB $100K Four-Seamer [20 Entry Max]",2017-05-25,20,"$4.00"
"41119511","MLB $100K Fastball (Early)",2017-05-25,100,"$33.00"
"41119513","MLB $50K Four-Seamer [20 Entry Max] (Early)",2017-05-25,20,"$4.00"
"41109599","MLB $5 Double Up",2017-05-25,30,"$5.00"
"41109601","MLB $5 Double Up",2017-05-25,50,"$5.00"
"41109602","MLB $7.5K Solo Shot",2017-05-25,50,"$1.00"
"41109609","MLB $2 Double Up",2017-05-25,50,"$2.00"
"41109596","MLB $3K Flare",2017-05-25,50,"$2.00"
"41109603","MLB $4K Quarter Jukebox [Just $0.25!]",2017-05-25,50,"$0.25"
"41111923","MLB $2K Four-Seamer (All Day)",2017-05-25,15,"$4.00"
"41111918","MLB $250 Quarter Jukebox [Just $0.25!]  (All Day)",2017-05-25,35,"$0.25"
"41112377","MLB $12K Four-Seamer (Night)",2017-05-25,100,"$4.00"
"41112370","MLB $1.5K Solo Shot (Night)",2017-05-25,15,"$1.00"
"41112372","MLB $750 Quarter Jukebox [Just $0.25!] (Night)",2017-05-25,50,"$0.25"
"41116223","MLB $5 Double Up (Early)",2017-05-25,50,"$5.00"
"41116219","MLB $2.5K Flare (Early)",2017-05-25,40,"$2.00"
"41116220","MLB $4K Solo Shot (Early)",2017-05-25,45,"$1.00"
"41116221","MLB $2.5K Quarter Jukebox [Just $0.25!] (Early)",2017-05-25,50,"$0.25"
"41116963","MLB $2K Moonshot (Turbo)",2017-05-25,20,"$3.00"
"41116357","MLB $200 Quarter Jukebox (Turbo)",2017-05-25,25,"$0.25"
"41143575","MLB $300K Full Count [$50K to 1st]",2017-05-26,150,"$55.00"
"41143576","MLB $400K Walk-Off Home Run [$100K to 1st]",2017-05-26,24,"$555.00"
"41143573","MLB $100K Four-Seamer [20 Entry Max]",2017-05-26,20,"$4.00"
"41143577","MLB $100K Rally Cap",2017-05-26,150,"$8.00"
"41137016","MLB $5 Double Up",2017-05-26,50,"$5.00"
"41137056","MLB $5 Double Up",2017-05-26,50,"$5.00"
"41137017","MLB GIANT $25 Double Up",2017-05-26,25,"$25.00"
"41137018","MLB $10 Double Up",2017-05-26,15,"$10.00"
"41137023","MLB $2 Double Up",2017-05-26,50,"$2.00"
"41136956","MLB $4K Flare",2017-05-26,50,"$2.00"
"41136963","MLB $10K Solo Shot",2017-05-26,50,"$1.00"
"41136955","MLB $5K Quarter Jukebox",2017-05-26,50,"$0.25"
"41137889","MLB $5K Moonshot (Turbo)",2017-05-26,50,"$3.00"
"41137888","MLB $1K Solo Shot (Turbo)",2017-05-26,30,"$1.00"
"41137893","MLB $500 Quarter Jukebox [Just $0.25!] (Turbo)",2017-05-26,50,"$0.25"
"41137926","MLB $4K Moonshot (Night)",2017-05-26,45,"$3.00"
"41137929","MLB $750 Solo Shot (Night)",2017-05-26,25,"$1.00"
"41137930","MLB $500 Quarter Jukebox [Just $0.25!] (Night)",2017-05-26,50,"$0.25"
"41138020","MLB $20K Four-Seamer (Late Night)",2017-05-26,150,"$4.00"
"41138017","MLB $2K Solo Shot (Late Night)",2017-05-26,20,"$1.00"
"41138014","MLB $1K Flare (Late Night)",2017-05-26,15,"$2.00"
"41138010","MLB $1K Quarter Jukebox [Just $0.25!]  (Late Night)",2017-05-26,50,"$0.25"

