"Rank","EntryId","EntryName","TimeRemaining","Points","Lineup","X","Player","X.Drafted","FPTS"
1,745692824,"Dswade1",0,169,"P Stephen Strasburg P Kenta Maeda 1B Paul Goldschmidt OF A.J. Pollock SS Trevor Story 2B Dee Gordon C J.T. Realmuto OF Jim Adduci OF Andrew Romine 3B Miguel Rojas",NA,"Chris Archer","31.30%",26.5
2,745642393,"reconscout1977",0,168.35,"P Stephen Strasburg P Michael Fulmer SS Trevor Story 2B Brian Dozier OF Jay Bruce 3B Justin Turner OF Cody Bellinger OF Marcell Ozuna C Yasmani Grandal 1B Kendrys Morales",NA,"Stephen Strasburg","29.18%",21.35
3,745583917,"Protoplayer7 (1/4)",0,164.2,"P Chris Archer P Wade Miley 1B Paul Goldschmidt OF A.J. Pollock SS Trea Turner 3B Anthony Rendon OF Cody Bellinger C Dustin Garneau OF Marwin González 2B Kolten Wong",NA,"Jake Lamb","24.67%",0
3,745583976,"Protoplayer7 (2/4)",0,164.2,"P Chris Archer P Wade Miley 1B Paul Goldschmidt OF A.J. Pollock SS Trea Turner 3B Anthony Rendon OF Cody Bellinger C Dustin Garneau OF Marwin González 2B Kolten Wong",NA,"Danny Salazar","22.28%",14.5
3,745588856,"Protoplayer7 (3/4)",0,164.2,"P Chris Archer P Wade Miley 1B Paul Goldschmidt OF A.J. Pollock SS Trea Turner 3B Anthony Rendon OF Cody Bellinger C Dustin Garneau OF Marwin González 2B Kolten Wong",NA,"A.J. Pollock","21.75%",17
3,745589025,"Protoplayer7 (4/4)",0,164.2,"P Chris Archer P Wade Miley 1B Paul Goldschmidt OF A.J. Pollock SS Trea Turner 3B Anthony Rendon OF Cody Bellinger C Dustin Garneau OF Marwin González 2B Kolten Wong",NA,"Charlie Blackmon","21.49%",3
7,745682092,"dkforthewin",0,160.85,"P Stephen Strasburg P Chris Archer 1B Paul Goldschmidt OF Jay Bruce 3B Justin Turner OF Cody Bellinger OF Carlos Gómez C Yasmani Grandal SS Tim Beckham 2B Jed Lowrie",NA,"Paul Goldschmidt","20.42%",39
8,745652784,"mjc08bc (1/8)",0,154.5,"P Danny Salazar P Michael Fulmer 1B Paul Goldschmidt OF Ian Desmond 2B Dustin Pedroia 3B Evan Longoria OF Michael Conforto OF Ender Inciarte C Brian McCann SS Tim Beckham",NA,"Andrew Triggs","19.63%",10.6
9,745401970,"Flipper1a",0,149.1,"P Danny Salazar P Andrew Triggs 1B Paul Goldschmidt OF A.J. Pollock OF Ian Desmond 2B Brian Dozier OF Cody Bellinger 3B Marwin González C Brian McCann SS Tim Beckham",NA,"Jay Bruce","19.10%",6
10,744980353,"bruteshot2g",0,148.85,"P Lance Lynn P Zack Greinke 1B Paul Goldschmidt OF A.J. Pollock 3B Jake Lamb 2B Daniel Murphy OF Chris Owings C Matt Wieters OF Marcell Ozuna SS Miguel Rojas",NA,"Michael Conforto","18.83%",7
11,745688167,"Jdizzy007",0,148.3,"P Dallas Keuchel P Lance Lynn 1B Paul Goldschmidt OF David Peralta 2B Dee Gordon SS Elvis Andrus OF Marcell Ozuna 3B Joey Gallo OF Carlos Gómez C Brian McCann",NA,"Ian Desmond","18.30%",0
12,745701400,"Reskydfs",0,144.85,"P Stephen Strasburg P Chris Archer OF A.J. Pollock 2B Daniel Murphy OF David Peralta 3B Miguel Sanó 1B Justin Bour SS Tim Beckham OF Jim Adduci C René Rivera",NA,"Andrew Benintendi","17.51%",17
12,745703439,"kgdobby",0,144.85,"P Stephen Strasburg P Chris Archer 1B Paul Goldschmidt 3B Jake Lamb OF Andrew Benintendi OF Seth Smith C Yasmani Grandal SS Tim Beckham 2B Kolten Wong OF José Martínez",NA,"Hanley Ramírez","17.51%",2
14,745641166,"wallygc6",0,144.65,"P Chris Archer P Zack Greinke 1B Paul Goldschmidt OF Mookie Betts OF Matt Kemp 2B Jedd Gyorko OF Michael Conforto SS Elvis Andrus 3B Mike Moustakas C Salvador Pérez",NA,"Trea Turner","17.24%",4
15,745397626,"franknjdevil30 (1/2)",0,144,"P Danny Salazar P Chris Archer OF Giancarlo Stanton OF Jay Bruce 2B Dustin Pedroia 3B Evan Longoria OF Michael Conforto SS Aledmys Díaz C Brian McCann 1B Wilmer Flores",NA,"Wade Miley","15.92%",-0.3
16,745692160,"sportsfandan",0,143.35,"P Stephen Strasburg P Michael Fulmer OF Charlie Blackmon 2B Brian Dozier OF Michael Brantley 3B Miguel Sanó OF Andrew Benintendi C Yasmani Grandal 1B Kendrys Morales SS Tim Beckham",NA,"Mookie Betts","15.92%",5
17,745156036,"jmorgansmith",0,143.2,"P Chris Archer P Lance Lynn OF A.J. Pollock SS Trea Turner OF Ian Desmond 2B Rougned Odor OF Michael Conforto 3B Marwin González 1B Kendrys Morales C Jonathan Lucroy",NA,"Tim Beckham","15.92%",5
18,745702473,"thefantasykid13 (1/4)",0,140.5,"P Danny Salazar P Michael Fulmer 1B Paul Goldschmidt OF Mookie Betts OF Hanley Ramírez SS Francisco Lindor 3B Miguel Sanó OF Ender Inciarte 2B Kolten Wong C René Rivera",NA,"Dustin Pedroia","15.38%",5
19,745674674,"MichaelR4473",0,140.1,"P Chris Archer P Andrew Triggs 1B Paul Goldschmidt OF A.J. Pollock 3B Jake Lamb OF David Peralta 2B Dee Gordon OF Andrew Benintendi SS Tim Beckham C René Rivera",NA,"Dallas Keuchel","14.59%",12.6
20,745078674,"scout326 (10/14)",0,139.85,"P Stephen Strasburg P Chris Archer 2B Brian Dozier 3B Miguel Sanó 1B Matt Carpenter OF Max Kepler SS Aledmys Díaz OF Randal Grichuk C Jason Castro OF José Martínez",NA,"Matt Wieters","14.32%",0
21,745406803,"fullstep",0,138.95,"P Stephen Strasburg P Dallas Keuchel 3B Nolan Arenado OF Nelson Cruz 2B Dustin Pedroia OF Eddie Rosario OF Marwin González 1B Kendrys Morales C Derek Norris SS José Iglesias",NA,"Kolten Wong","14.06%",7
22,745339692,"aildbn",0,138.85,"P Stephen Strasburg P Chris Archer 3B Jake Lamb 2B Dee Gordon 1B Matt Carpenter OF Andrew Benintendi OF Michael Conforto OF Steven Souza Jr. C Brian McCann SS Eduardo Escobar",NA,"David Peralta","13.79%",8
23,745702100,"FREETOMBRADY1212 (1/2)",0,138.6,"P Chris Archer P Eduardo Rodríguez 1B Paul Goldschmidt OF A.J. Pollock 3B Jake Lamb 2B DJ LeMahieu OF Andrew Benintendi OF Odúbel Herrera C Christian Vázquez SS Andrew Romine",NA,"Ryan Zimmerman","13.79%",22
24,745694267,"chet50",0,136.85,"P Stephen Strasburg P Chris Archer SS Trevor Story OF Giancarlo Stanton 1B Mark Reynolds OF Gerardo Parra OF Marcell Ozuna 2B Yangervis Solarte 3B Martín Prado C René Rivera",NA,"Chris Owings","13.00%",3
25,745675867,"anthonyellis6",0,135.8,"P Dallas Keuchel P Miguel González SS Trea Turner 2B Daniel Murphy 1B Ryan Zimmerman OF Jay Bruce OF Nelson Cruz 3B Anthony Rendon OF Cody Bellinger C Yasmani Grandal",NA,"Eduardo Rodríguez","11.41%",14.1
26,745675570,"poppabroads",0,135.3,"P Dallas Keuchel P Lance Lynn 1B Paul Goldschmidt OF Charlie Blackmon 3B Anthony Rendon SS Jean Segura C Matt Wieters OF Marcell Ozuna OF José Osuna 2B Kolten Wong",NA,"Francisco Lindor","10.88%",0
27,745691968,"HammerDFS (2/2)",0,134.6,"P Dallas Keuchel P Michael Fulmer OF Charlie Blackmon 2B Brian Dozier OF Michael Brantley 3B Miguel Sanó OF Andrew Benintendi C Yasmani Grandal 1B Kendrys Morales SS Tim Beckham",NA,"Miguel Sanó","10.88%",17
28,745109417,"dandydon (5/5)",0,133.95,"P Stephen Strasburg P Andrew Triggs 1B Paul Goldschmidt OF A.J. Pollock SS Trea Turner 3B Anthony Rendon OF Jayson Werth C Matt Wieters OF Chris Heisey 2B Kolten Wong",NA,"Yasmani Grandal","10.08%",7
29,745090243,"Jstock24 (4/10)",0,133.45,"P Stephen Strasburg P Eduardo Rodríguez 1B Paul Goldschmidt SS Chris Owings OF Giancarlo Stanton OF José Bautista 2B Dee Gordon C Russell Martin 3B Martín Prado OF Kevin Pillar",NA,"Giancarlo Stanton","10.08%",11
30,745692885,"AloofTheKiller (3/5)",0,133.15,"P Danny Salazar P Kenta Maeda OF Mookie Betts SS Carlos Correa OF Giancarlo Stanton 2B Rougned Odor OF Jayson Werth 1B Josh Bell C Jason Castro 3B T.J. Rivera",NA,"Daniel Murphy","9.81%",3
31,745682826,"dwactor",0,133.1,"P Dallas Keuchel P Chris Archer 1B Paul Goldschmidt 3B Jake Lamb OF Jay Bruce OF Andrew Benintendi OF Michael Conforto C Jeff Mathis 2B Kolten Wong SS Andrew Romine",NA,"Michael Fulmer","9.81%",32
32,745247793,"markaw4 (7/14)",0,132.85,"P Stephen Strasburg P Chris Archer OF Matt Kemp OF Jay Bruce 3B Jedd Gyorko 1B Matt Carpenter OF Michael Conforto SS Aledmys Díaz C Matt Wieters 2B Kolten Wong",NA,"Manny Machado","9.55%",3
33,745691471,"exacta1214",0,131.85,"P Stephen Strasburg P Chris Archer 2B Daniel Murphy OF Yasiel Puig SS Aledmys Díaz OF Cody Bellinger 1B Mike Napoli OF Carlos Gómez 3B Josh Harrison C Yasmani Grandal",NA,"Freddie Freeman","8.22%",4
34,745695348,"mcmaniacs (1/2)",0,131.7,"P Michael Fulmer P Lance Lynn OF A.J. Pollock SS Trea Turner 3B Manny Machado OF Yasmany Tomás 2B José Altuve 1B Mark Reynolds C Derek Norris OF Tyler Collins",NA,"J.T. Realmuto","7.96%",5
34,745702926,"mcmaniacs (2/2)",0,131.7,"P Michael Fulmer P Lance Lynn OF A.J. Pollock SS Trea Turner 3B Manny Machado OF Yasmany Tomás 2B José Altuve 1B Mark Reynolds C Derek Norris OF Tyler Collins",NA,"Jeff Mathis","7.96%",5
36,745109413,"dandydon (1/5)",0,131.1,"P Chris Archer P Andrew Triggs 1B Paul Goldschmidt OF A.J. Pollock 3B Jake Lamb OF Yasmany Tomás OF David Peralta SS Tim Beckham C Derek Norris 2B Kolten Wong",NA,"Nolan Arenado","7.69%",3
37,745694959,"afwx2002 (1/2)",0,130.95,"P Stephen Strasburg P Dallas Keuchel OF Charlie Blackmon OF Jay Bruce 3B Jedd Gyorko 1B Matt Carpenter SS Aledmys Díaz C Francisco Cervelli 2B Kolten Wong OF José Martínez",NA,"Kenta Maeda","7.69%",21.65
38,745109414,"dandydon (2/5)",0,130.1,"P Chris Archer P Andrew Triggs 1B Paul Goldschmidt SS Trea Turner OF David Peralta 3B Anthony Rendon 2B Dee Gordon OF Jayson Werth C Matt Wieters OF Chris Heisey",NA,"René Rivera","7.16%",10
39,745692945,"BOSS1213",0,129.2,"P Chris Archer P Wade Miley 3B Nolan Arenado 1B Freddie Freeman OF Mark Trumbo 2B Rougned Odor SS Elvis Andrus OF Ender Inciarte OF Cody Bellinger C Yadier Molina",NA,"Francisco Liriano","7.16%",5.65
40,745677696,"Ballard12 (1/2)",0,127.85,"P Stephen Strasburg P Chris Archer OF A.J. Pollock 1B Ryan Zimmerman OF Michael Brantley SS Jean Segura OF Steven Souza Jr. 3B Marwin González 2B Kolten Wong C René Rivera",NA,"José Ramírez","6.90%",2
41,745692884,"AloofTheKiller (2/5)",0,127.2,"P Chris Archer P Lance Lynn 1B Paul Goldschmidt 2B Brandon Drury SS Francisco Lindor OF Jay Bruce OF Andrew Benintendi 3B Joey Gallo C J.T. Realmuto OF Cory Spangenberg",NA,"Dee Gordon","6.90%",7
42,744972191,"mmh01027",0,126.85,"P Stephen Strasburg P Chris Archer 3B Nolan Arenado OF Mookie Betts OF David Peralta OF Andrew Benintendi C Yadier Molina 1B Josh Bell 2B Kolten Wong SS Andrew Romine",NA,"Matt Kemp","6.63%",3
42,745078670,"scout326 (6/14)",0,126.85,"P Stephen Strasburg P Chris Archer OF Giancarlo Stanton 1B Jay Bruce OF Christian Yelich 2B Dee Gordon OF Michael Conforto C J.T. Realmuto 3B Wilmer Flores SS Miguel Rojas",NA,"Brian Dozier","6.37%",0
42,745672572,"KidTycoon (1/2)",0,126.85,"P Stephen Strasburg P Chris Archer OF Giancarlo Stanton 3B Anthony Rendon OF Christian Yelich 2B Dee Gordon OF Michael Conforto C Matt Wieters 1B Justin Bour SS Tim Beckham",NA,"Michael Brantley","6.37%",0
42,745680616,"KidTycoon (2/2)",0,126.85,"P Stephen Strasburg P Chris Archer OF Giancarlo Stanton 3B Anthony Rendon OF Christian Yelich 2B Dee Gordon OF Michael Conforto C Matt Wieters 1B Justin Bour SS Tim Beckham",NA,"Jedd Gyorko","6.37%",12
46,745098553,"Jstock24 (7/10)",0,126.6,"P Danny Salazar P Eduardo Rodríguez 1B Paul Goldschmidt SS Chris Owings OF Giancarlo Stanton OF José Bautista 2B Dee Gordon C Russell Martin 3B Martín Prado OF Kevin Pillar",NA,"Ender Inciarte","6.10%",14
47,745631431,"bobbytucc (2/2)",0,125.1,"P Chris Archer P Andrew Triggs 1B Paul Goldschmidt OF A.J. Pollock 3B Jake Lamb OF Mookie Betts 2B Dustin Pedroia OF Michael Conforto SS Tim Beckham C René Rivera",NA,"Justin Bour","6.10%",16
48,745400700,"franknjdevil30 (2/2)",0,124,"P Danny Salazar P Chris Archer OF Giancarlo Stanton OF Jay Bruce 2B Dustin Pedroia 3B Evan Longoria OF Michael Conforto SS Elvis Andrus C Francisco Cervelli 1B Justin Bour",NA,"Xander Bogaerts","5.84%",3
49,745566757,"jordanh415",0,123.85,"P Stephen Strasburg P Chris Archer 1B Paul Goldschmidt 3B Jake Lamb OF Michael Conforto OF Seth Smith C Yasmani Grandal SS Tim Beckham 2B Kolten Wong OF Ben Gamel",NA,"Trevor Story","5.84%",2
49,745694808,"njchaaancy",0,123.85,"P Stephen Strasburg P Chris Archer SS Xander Bogaerts 2B Dustin Pedroia OF Avisaíl García OF Michael Conforto OF Cody Bellinger C J.T. Realmuto 3B Matt Davidson 1B Justin Bour",NA,"Christian Yelich","5.84%",9
49,745702634,"dventura",0,123.85,"P Stephen Strasburg P Chris Archer OF A.J. Pollock 1B Ryan Zimmerman OF David Peralta OF Andrew Benintendi 3B Joey Gallo SS Tim Beckham 2B Kolten Wong C Héctor Sánchez",NA,"Jean Segura","5.84%",11
52,745687891,"cdw929",0,122.9,"P Stephen Strasburg P Chad Kuhl OF A.J. Pollock OF Hanley Ramírez OF Andrew McCutchen 1B Chris Davis 3B Anthony Rendon 2B Dee Gordon SS Jean Segura C Yasmani Grandal",NA,"Yadier Molina","5.31%",5
53,745700880,"suprajason",0,122.45,"P Stephen Strasburg P Eduardo Rodríguez 1B Paul Goldschmidt OF A.J. Pollock 3B Jake Lamb OF David Peralta OF Khris Davis C Manny Piña 2B Kolten Wong SS Andrew Romine",NA,"Elvis Andrus","5.31%",18
54,745385797,"tjay24 (1/2)",0,122.2,"P Dallas Keuchel P Andrew Triggs 1B Paul Goldschmidt OF A.J. Pollock OF David Peralta SS Chris Owings 3B Jedd Gyorko OF Randal Grichuk C Yadier Molina 2B Kolten Wong",NA,"Eduardo Escobar","5.31%",3
55,745680609,"franknitty360",0,122.1,"P Dallas Keuchel P Chris Archer 1B Ryan Zimmerman 3B Miguel Sanó 2B José Ramírez OF Michael Conforto SS Elvis Andrus OF Marcell Ozuna OF Corey Dickerson C Manny Piña",NA,"Eric Thames","5.31%",0
56,745668735,"dthompsonru09",0,121.85,"P Stephen Strasburg P Chris Archer 3B Manny Machado SS Corey Seager 1B Jay Bruce OF Michael Conforto OF Andrew Toles OF Cody Bellinger C Manny Piña 2B Kolten Wong",NA,"Josh Harrison","5.31%",0
57,745619167,"LockandLoad26 (2/2)",0,121.1,"P Danny Salazar P Andrew Triggs OF A.J. Pollock 3B Manny Machado OF Mookie Betts OF David Peralta 2B Robinson Canó 1B Albert Pujols C Brian McCann SS Eduardo Escobar",NA,"Neil Walker","5.04%",0
58,745695234,"GET_SOME1127",0,120.85,"P Stephen Strasburg P Chris Archer OF Giancarlo Stanton OF Christian Yelich 3B Evan Longoria 2B Dee Gordon OF Lorenzo Cain C J.T. Realmuto 1B Justin Bour SS Tim Beckham",NA,"Evan Longoria","5.04%",15
59,745615676,"VinnyChase116 (2/2)",0,120.45,"P Stephen Strasburg P Eduardo Rodríguez 1B Paul Goldschmidt OF A.J. Pollock 3B Jake Lamb OF David Peralta OF Michael Conforto C Jeff Mathis 2B Kolten Wong SS Ryan Goins",NA,"Zack Greinke","4.77%",26.15
60,745685281,"rustedone",0,120.1,"P Dallas Keuchel P Chris Archer 1B Paul Goldschmidt SS Chris Owings OF Justin Upton 3B Joey Gallo C Dustin Garneau 2B Yangervis Solarte OF Kevin Pillar OF Ben Gamel",NA,"Yasmany Tomás","4.77%",2
61,745694947,"slappycaddie",0,119.5,"P Chris Archer P Michael Fulmer 1B Eric Thames OF Hanley Ramírez SS Xander Bogaerts 2B Jonathan Villar OF Keon Broxton OF Cody Bellinger 3B Hernán Pérez C Jeff Mathis",NA,"Mark Trumbo","4.77%",8
61,745702561,"jermdogg",0,119.5,"P Chris Archer P Michael Fulmer 1B Ryan Zimmerman SS Carlos Correa OF Adam Jones OF Matt Kemp 2B Rougned Odor OF Khris Davis 3B Nicholas Castellanos C Francisco Cervelli",NA,"Khris Davis","4.77%",3
63,745589622,"collinman005 (2/2)",0,118.45,"P Stephen Strasburg P Eduardo Rodríguez 1B Paul Goldschmidt 3B Jake Lamb OF David Peralta 2B Dustin Pedroia OF Michael Conforto OF Andrew Toles SS Tim Beckham C René Rivera",NA,"Christian Vázquez","4.51%",0
64,745693941,"JeresTeam",0,118.3,"P Dallas Keuchel P Lance Lynn SS Trea Turner 1B Ryan Zimmerman OF Mark Trumbo 2B Rougned Odor 3B Justin Turner OF Marcell Ozuna OF Manuel Margot C Yadier Molina",NA,"Adam Jones","4.51%",0
65,745426904,"dabestest",0,118.25,"P Stephen Strasburg P Yovani Gallardo 1B Paul Goldschmidt OF A.J. Pollock 3B Jake Lamb OF David Peralta OF Michael Conforto SS Tim Beckham C Manny Piña 2B Kolten Wong",NA,"Cody Bellinger","4.51%",35
66,745109416,"dandydon (4/5)",0,117.95,"P Stephen Strasburg P Andrew Triggs 1B Paul Goldschmidt OF A.J. Pollock 3B Jake Lamb OF David Peralta OF Michael Conforto C Jeff Mathis 2B Kolten Wong SS Eduardo Escobar",NA,"Anthony Rendon","4.51%",24
67,745078676,"scout326 (12/14)",0,117.85,"P Stephen Strasburg P Chris Archer 3B Manny Machado OF Mark Trumbo 1B Chris Davis 2B Jonathan Schoop OF Seth Smith OF Kevin Kiermaier SS Tim Beckham C Derek Norris",NA,"Avisaíl García","4.24%",5
68,745606745,"VinnyChase116 (1/2)",0,117.45,"P Stephen Strasburg P Eduardo Rodríguez 1B Paul Goldschmidt SS Trea Turner OF Mookie Betts OF Andrew Benintendi OF Michael Conforto 3B Hernán Pérez C Manny Piña 2B Kolten Wong",NA,"Lance Lynn","4.24%",24.7
69,745514113,"BigHoj (3/3)",0,117.25,"P Yu Darvish P Chris Archer OF Charlie Blackmon 1B Jay Bruce SS Tim Anderson 3B Evan Longoria OF Steven Souza Jr. OF Corey Dickerson C Derek Norris 2B Daniel Robertson",NA,"Marcell Ozuna","4.24%",14
70,745247795,"markaw4 (9/14)",0,116.15,"P Chris Archer P Jesse Chávez OF Charlie Blackmon OF Ian Desmond 1B Ryan Zimmerman OF Nelson Cruz 2B Robinson Canó SS Jean Segura 3B Kyle Seager C Yasmani Grandal",NA,"Mark Reynolds","4.24%",19
71,745676911,"eyeman69",0,116.1,"P Dallas Keuchel P Chris Archer SS Trevor Story OF Chris Owings OF Adam Jones OF Christian Yelich 3B Evan Longoria 1B Kendrys Morales 2B Kolten Wong C Carlos Ruiz",NA,"Seth Smith","4.24%",8
72,745672813,"pimple_ryan",0,116.05,"P Stephen Strasburg P Lance Lynn SS Xander Bogaerts 3B Miguel Sanó OF Nelson Cruz 1B Eric Hosmer OF Michael A. Taylor C Yadier Molina 2B Kolten Wong OF Ben Gamel",NA,"Mitch Moreland","4.24%",5
72,745690028,"asbeans",0,116.05,"P Stephen Strasburg P Lance Lynn SS Xander Bogaerts 3B Miguel Sanó OF Nelson Cruz 1B Eric Hosmer OF Michael A. Taylor C Yadier Molina 2B Kolten Wong OF Ben Gamel",NA,"Russell Martin","4.24%",8
74,745676320,"pocketaces0115",0,115.15,"P Chris Archer P Jesse Chávez 1B Paul Goldschmidt 3B Jake Lamb 2B Daniel Murphy OF Shin-soo Choo SS Elvis Andrus OF Carlos Gómez C Dustin Garneau OF Nomar Mazara",NA,"Justin Turner","3.98%",10
74,745694639,"JDB2 (1/8)",0,115.15,"P Stephen Strasburg P Jhoulys Chacin 1B Paul Goldschmidt OF A.J. Pollock 3B Jake Lamb OF David Peralta OF Chris Owings C Francisco Cervelli 2B Kolten Wong SS Eduardo Escobar",NA,"Mike Foltynewicz","3.98%",-3.6
74,745694880,"JDB2 (2/8)",0,115.15,"P Stephen Strasburg P Jhoulys Chacin 1B Paul Goldschmidt OF A.J. Pollock 3B Jake Lamb OF David Peralta OF Chris Owings C Francisco Cervelli 2B Kolten Wong SS Eduardo Escobar",NA,"Corey Seager","3.98%",7
74,745695128,"JDB2 (3/8)",0,115.15,"P Stephen Strasburg P Jhoulys Chacin 1B Paul Goldschmidt OF A.J. Pollock 3B Jake Lamb OF David Peralta OF Chris Owings C Francisco Cervelli 2B Kolten Wong SS Eduardo Escobar",NA,"Dustin Garneau","3.98%",7
74,745695169,"JDB2 (4/8)",0,115.15,"P Stephen Strasburg P Jhoulys Chacin 1B Paul Goldschmidt OF A.J. Pollock 3B Jake Lamb OF David Peralta OF Chris Owings C Francisco Cervelli 2B Kolten Wong SS Eduardo Escobar",NA,"Joey Gallo","3.98%",0
74,745695184,"JDB2 (5/8)",0,115.15,"P Stephen Strasburg P Jhoulys Chacin 1B Paul Goldschmidt OF A.J. Pollock 3B Jake Lamb OF David Peralta OF Chris Owings C Francisco Cervelli 2B Kolten Wong SS Eduardo Escobar",NA,"Marwin González","3.98%",5
74,745703164,"JDB2 (6/8)",0,115.15,"P Stephen Strasburg P Jhoulys Chacin 1B Paul Goldschmidt OF A.J. Pollock 3B Jake Lamb OF David Peralta OF Chris Owings C Francisco Cervelli 2B Kolten Wong SS Eduardo Escobar",NA,"Yu Darvish","3.98%",17.75
74,745703210,"JDB2 (7/8)",0,115.15,"P Stephen Strasburg P Jhoulys Chacin 1B Paul Goldschmidt OF A.J. Pollock 3B Jake Lamb OF David Peralta OF Chris Owings C Francisco Cervelli 2B Kolten Wong SS Eduardo Escobar",NA,"Yangervis Solarte","3.98%",7
74,745703218,"JDB2 (8/8)",0,115.15,"P Stephen Strasburg P Jhoulys Chacin 1B Paul Goldschmidt OF A.J. Pollock 3B Jake Lamb OF David Peralta OF Chris Owings C Francisco Cervelli 2B Kolten Wong SS Eduardo Escobar",NA,"Steven Souza Jr.","3.71%",8
83,745000810,"leafs93 (1/3)",0,115.1,"P Danny Salazar P Andrew Triggs 1B Paul Goldschmidt OF A.J. Pollock 3B Jake Lamb OF Yasmany Tomás OF David Peralta SS Tim Beckham 2B Jed Lowrie C René Rivera",NA,"Francisco Cervelli","3.71%",5
84,745695035,"KINE1997 (1/2)",0,114.1,"P Danny Salazar P Andrew Triggs 1B Paul Goldschmidt OF A.J. Pollock 3B Jake Lamb OF David Peralta 2B Dustin Pedroia OF Delino DeShields C Jeff Mathis SS Eduardo Escobar",NA,"Manny Piña","3.71%",0
85,745684060,"devski32 (1/2)",0,114,"P Stephen Strasburg P Kenta Maeda 2B Brian Dozier 3B Miguel Sanó OF Jay Bruce OF Robbie Grossman 1B Victor Martinez OF Eddie Rosario SS Jorge Polanco C Tyler Flowers",NA,"Ben Gamel","3.71%",3
86,745686595,"irish9er",0,113.85,"P Stephen Strasburg P Chris Archer OF Ian Desmond OF Mark Trumbo 1B Jay Bruce OF Cody Bellinger 3B Joey Gallo C Dustin Garneau 2B Kolten Wong SS Eduardo Escobar",NA,"José Reyes","3.45%",7
87,745702854,"mpetersk",0,113.6,"P Chris Archer P Eduardo Rodríguez 3B Jake Lamb SS Trea Turner 1B Ryan Zimmerman OF Jay Bruce 2B Dee Gordon OF Andrew Benintendi OF Michael Conforto C René Rivera",NA,"Matt Carpenter","3.45%",26
88,745698399,"hilldaddy",0,113.2,"P Chris Archer P Wade Miley SS Trea Turner 2B Daniel Murphy 1B Ryan Zimmerman 3B Anthony Rendon OF Jayson Werth OF Seth Smith OF Steven Souza Jr. C Yasmani Grandal",NA,"José Bautista","3.45%",0
89,745652791,"mjc08bc (8/8)",0,113.15,"P Danny Salazar P Kenta Maeda 1B Paul Goldschmidt 2B Brian Dozier 3B Evan Longoria C J.T. Realmuto OF Steven Souza Jr. OF Kevin Kiermaier OF Corey Dickerson SS Tim Beckham",NA,"DJ LeMahieu","3.45%",3
90,745247796,"markaw4 (10/14)",0,113.1,"P Chris Archer P Andrew Triggs 3B Nolan Arenado OF Charlie Blackmon 1B Ryan Zimmerman 2B Rougned Odor SS Elvis Andrus C Matt Wieters OF Carlos Gómez OF Delino DeShields",NA,"Jayson Werth","3.45%",11
91,745628830,"BarryFreed",0,112.95,"P Stephen Strasburg P Dallas Keuchel 1B Edwin Encarnación OF Jay Bruce 3B José Reyes OF Michael Conforto C Matt Wieters 2B Neil Walker OF Curtis Granderson SS Miguel Rojas",NA,"Matt Davidson","3.45%",0
92,745686000,"jasonlk19",0,112.85,"P Lance Lynn P Zack Greinke OF A.J. Pollock SS Trea Turner 3B Manny Machado OF Mookie Betts 1B Matt Carpenter OF Michael Conforto 2B Neil Walker C Caleb Joseph",NA,"Héctor Sánchez","3.45%",0
93,745652785,"mjc08bc (2/8)",0,112.5,"P Chris Archer P Michael Fulmer OF Mookie Betts 1B Hanley Ramírez SS Xander Bogaerts 3B Miguel Sanó 2B Dustin Pedroia OF Andrew Benintendi OF Robbie Grossman C Jason Castro",NA,"Josh Rutledge","3.18%",8
93,745694871,"Durrty33",0,112.5,"P Chris Archer P Michael Fulmer 3B Jake Lamb SS Trea Turner OF David Peralta 2B Dee Gordon OF Andrew Benintendi 1B Mitch Moreland OF Steven Souza Jr. C Jeff Mathis",NA,"Jhoulys Chacin","3.18%",11.8
95,745647684,"ElfSlayer1",0,112.2,"P Chris Archer P Lance Lynn OF Ian Desmond 3B Manny Machado OF Hanley Ramírez SS Jean Segura 1B Eric Hosmer OF Ender Inciarte C Matt Wieters 2B Kolten Wong",NA,"José Martínez","3.18%",14
96,745247789,"markaw4 (3/14)",0,112,"P Danny Salazar P Chris Archer OF Giancarlo Stanton 1B Jay Bruce OF Christian Yelich 2B Dee Gordon 3B Jedd Gyorko OF Marcell Ozuna C Yasmani Grandal SS Tim Beckham",NA,"Nelson Cruz","3.18%",6
97,745701949,"blizzardblake",0,111.95,"P Stephen Strasburg P Andrew Triggs 1B Hanley Ramírez OF Giancarlo Stanton OF Jay Bruce OF José Bautista 2B Robinson Canó 3B Evan Longoria SS Elvis Andrus C Yadier Molina",NA,"Brian McCann","3.18%",23
98,745207667,"Szentiger",0,111.85,"P Stephen Strasburg P Chris Archer SS Corey Seager 1B Jay Bruce 2B Dustin Pedroia OF Andrew Benintendi OF Michael Conforto C Yasmani Grandal 3B Martín Prado OF Chris Heisey",NA,"César Hernández","3.18%",5
99,745393063,"jgallagher80 (2/4)",0,111.6,"P Danny Salazar P Eduardo Rodríguez SS Trea Turner 2B Daniel Murphy 1B Ryan Zimmerman 3B Anthony Rendon OF Michael Conforto OF Andrew Toles C Matt Wieters OF José Martínez",NA,"Salvador Pérez","2.92%",5
100,745652789,"mjc08bc (6/8)",0,111.5,"P Chris Archer P Michael Fulmer 3B Nolan Arenado OF Charlie Blackmon OF Ian Desmond 2B DJ LeMahieu 1B Mark Reynolds OF Delino DeShields SS Eduardo Escobar C René Rivera",NA,"Corey Dickerson","2.92%",3
101,745412062,"moklovin",0,110.85,"P Stephen Strasburg P Chris Archer 3B Jake Lamb OF Mookie Betts OF David Peralta OF Andrew Benintendi 1B Josh Bell SS Tim Beckham C Manny Piña 2B Kolten Wong",NA,"Derek Norris","2.92%",16
102,745684204,"sleepingtiger",0,110.2,"P Danny Salazar P Wade Miley 1B Paul Goldschmidt OF A.J. Pollock OF Ian Desmond OF David Peralta 2B Jonathan Schoop SS Tim Beckham 3B T.J. Rivera C Christian Vázquez",NA,"Rougned Odor","2.92%",16
103,745543098,"scott8304",0,110.15,"P Francisco Liriano P Jason Hammel OF A.J. Pollock OF Yasmany Tomás OF Mookie Betts 1B Ryan Zimmerman 2B Jason Kipnis SS Jean Segura 3B Justin Turner C Salvador Pérez",NA,"Kevin Pillar","2.92%",15
103,745549885,"5sultans5",0,110.15,"P Kenta Maeda P Chris Archer OF Mookie Betts OF Giancarlo Stanton 3B Evan Longoria OF Kevin Kiermaier C Russell Martin SS Tim Beckham 1B Rickie Weeks Jr. 2B Daniel Robertson",NA,"José Altuve","2.92%",10
105,745078675,"scout326 (11/14)",0,110,"P Danny Salazar P Chris Archer 1B Freddie Freeman OF Matt Kemp 2B Rougned Odor SS Elvis Andrus OF Ender Inciarte 3B Joey Gallo C Jonathan Lucroy OF Delino DeShields",NA,"Carlos Gómez","2.92%",2
106,745682333,"ballheadb",0,109.65,"P Kenta Maeda P Michael Fulmer OF Charlie Blackmon 1B Eric Thames OF Matt Kemp 3B Miguel Sanó 2B Dustin Pedroia SS Elvis Andrus C Yasmani Grandal OF Ben Gamel",NA,"Caleb Joseph","2.65%",0
107,745703041,"kylemfk",0,109.1,"P Chris Archer P Andrew Triggs OF A.J. Pollock 2B Daniel Murphy 1B Ryan Zimmerman SS Francisco Lindor OF George Springer 3B José Ramírez OF Andrew Benintendi C Bruce Maxwell",NA,"Jonathan Schoop","2.65%",4
108,745527552,"taylorbribri (1/2)",0,109.05,"P Stephen Strasburg P Lance Lynn 2B Daniel Murphy 1B Ryan Zimmerman SS Chris Owings 3B Jedd Gyorko C Matt Wieters OF Marcell Ozuna OF Marwin González OF Nomar Mazara",NA,"Jason Castro","2.65%",0
108,745533355,"taylorbribri (2/2)",0,109.05,"P Stephen Strasburg P Lance Lynn 2B Daniel Murphy 1B Ryan Zimmerman SS Chris Owings 3B Jedd Gyorko C Matt Wieters OF Marcell Ozuna OF Marwin González OF Nomar Mazara",NA,"Kendrys Morales","2.65%",41
110,745599396,"DanManTX (7/11)",0,109,"P Stephen Strasburg P Francisco Liriano 1B Hanley Ramírez SS Corey Seager 3B Justin Turner OF Andrew Benintendi OF Joc Pederson OF Cody Bellinger 2B Josh Harrison C Yasmani Grandal",NA,"Jesse Chávez","2.65%",12.65
111,745683437,"Ducks1",0,107.85,"P Stephen Strasburg P Chris Archer 1B Eric Thames 2B Jonathan Villar SS Jean Segura OF Khris Davis 3B Matt Davidson C Brian McCann OF Corey Dickerson OF Delino DeShields",NA,"Jed Lowrie","2.39%",9
112,745090242,"Jstock24 (3/10)",0,107.6,"P Danny Salazar P Eduardo Rodríguez 3B Nolan Arenado OF Charlie Blackmon SS Trevor Story OF José Bautista 2B Devon Travis 1B Kendrys Morales C Russell Martin OF Kevin Pillar",NA,"Aledmys Díaz","2.39%",24
113,745670899,"butler6981",0,107.5,"P Chris Archer P Michael Fulmer OF Charlie Blackmon 1B Ryan Zimmerman OF Jay Bruce 2B José Ramírez OF Christian Yelich 3B Nicholas Castellanos SS Tim Beckham C James McCann",NA,"Tim Anderson","2.39%",6
114,745702555,"padresfan (1/2)",0,106.15,"P Danny Salazar P Kenta Maeda 3B Manny Machado OF Mark Trumbo OF Adam Jones 2B Dustin Pedroia OF Seth Smith 1B Kendrys Morales C Caleb Joseph SS Erick Aybar",NA,"Michael A. Taylor","2.39%",5
114,745703227,"padresfan (2/2)",0,106.15,"P Danny Salazar P Kenta Maeda 3B Manny Machado OF Mark Trumbo OF Adam Jones 2B Dustin Pedroia OF Seth Smith 1B Kendrys Morales C Caleb Joseph SS Erick Aybar",NA,"Travis Shaw","2.39%",0
116,745692894,"almarino99",0,106.1,"P Danny Salazar P Andrew Triggs OF A.J. Pollock 3B Jake Lamb OF Mark Trumbo OF Giancarlo Stanton 1B Edwin Encarnación 2B Dustin Pedroia SS Tim Beckham C Derek Norris",NA,"Nomar Mazara","2.39%",4
117,745516477,"dantheman1232456",0,106,"P Stephen Strasburg P Jesse Chávez 1B Paul Goldschmidt OF Charlie Blackmon OF Ian Desmond 3B Manny Machado OF Giancarlo Stanton C Yasmani Grandal 2B Kolten Wong SS Ryan Goins",NA,"J.J. Hardy","2.39%",0
117,745695182,"Jcw76",0,106,"P Danny Salazar P Chris Archer OF Giancarlo Stanton 2B Brian Dozier 3B Miguel Sanó OF Marcell Ozuna 1B Mitch Moreland C J.T. Realmuto OF Steven Souza Jr. SS Tim Beckham",NA,"Rafael Montero","2.39%",-0.35
119,745695309,"redkacheek",0,105.85,"P Stephen Strasburg P Chris Archer OF Mookie Betts OF Michael Brantley 2B Dustin Pedroia OF Andrew Benintendi 3B Josh Harrison 1B Josh Bell C Francisco Cervelli SS Tim Beckham",NA,"Chris Davis","2.12%",24
120,745682805,"BOSOX99",0,105.65,"P Francisco Liriano P Michael Fulmer 1B Paul Goldschmidt 3B Manny Machado 2B Daniel Murphy SS Carlos Correa OF Michael Brantley OF Nelson Cruz C Christian Vázquez OF Guillermo Heredia",NA,"Tyler Flowers","2.12%",4
121,745687668,"sbakes1221",0,105.35,"P Kenta Maeda P Wade Miley OF Charlie Blackmon 1B Ryan Zimmerman OF Hanley Ramírez 2B Robinson Canó OF Avisaíl García SS Aledmys Díaz 3B Travis Shaw C Yadier Molina",NA,"Max Kepler","2.12%",3
122,745200885,"geo4245",0,105.1,"P Dallas Keuchel P Chris Archer 1B Hanley Ramírez 2B Jedd Gyorko OF Khris Davis OF Andrew Benintendi SS Aledmys Díaz 3B Trevor Plouffe OF Randal Grichuk C Stephen Vogt",NA,"Carlos Correa","2.12%",10
123,745620524,"ladyfingers",0,105,"P Danny Salazar P Chris Archer 3B Jake Lamb 1B Ryan Zimmerman 2B DJ LeMahieu OF Lorenzo Cain OF Marcell Ozuna OF Marwin González SS Tim Beckham C René Rivera",NA,"Miguel González","2.12%",16.2
124,745614491,"gord420 (1/2)",0,104.15,"P Stephen Strasburg P Jhoulys Chacin OF A.J. Pollock OF Yasmany Tomás SS Trevor Story 1B Mark Reynolds 2B Jonathan Villar 3B Evan Longoria OF Michael Saunders C Jason Castro",NA,"Jonathan Villar","2.12%",8
124,745700339,"KINE1997 (2/2)",0,104.15,"P Danny Salazar P Jesse Chávez 1B Paul Goldschmidt OF A.J. Pollock 3B Jake Lamb OF David Peralta 2B Dustin Pedroia OF Lonnie Chisenhall C Jeff Mathis SS Eduardo Escobar",NA,"Andrew McCutchen","2.12%",0
126,745140951,"forrestkoba",0,104,"P Stephen Strasburg P Kenta Maeda OF A.J. Pollock OF Michael Brantley 1B Jay Bruce 3B Evan Longoria OF Michael Conforto SS Tim Beckham 2B Jed Lowrie C Roberto Pérez",NA,"Edwin Encarnación","1.86%",19
126,745247794,"markaw4 (8/14)",0,104,"P Danny Salazar P Chris Archer SS Corey Seager 1B Jay Bruce 3B José Reyes OF Jayson Werth OF Michael Conforto 2B Neil Walker C Yasmani Grandal OF Curtis Granderson",NA,"Wilmer Flores","1.86%",12
128,745682547,"stevierow119",0,103.7,"P Michael Fulmer P Wade Miley 1B Paul Goldschmidt SS Trea Turner OF Ian Desmond 3B Manny Machado 2B José Altuve C J.T. Realmuto OF Steven Souza Jr. OF Ben Gamel",NA,"Robbie Grossman","1.86%",5
129,745557933,"leafs93 (2/3)",0,103.1,"P Danny Salazar P Andrew Triggs 1B Paul Goldschmidt 3B Jake Lamb OF Yasmany Tomás OF David Peralta SS Chris Owings OF Michael Conforto 2B Jed Lowrie C René Rivera",NA,"Martín Prado","1.86%",15
130,745631234,"Ivanas99 (2/3)",0,103,"P Stephen Strasburg P Kenta Maeda 3B Jake Lamb 1B Freddie Freeman OF Khris Davis OF Andrew Benintendi OF Michael Conforto SS Tim Beckham C Derek Norris 2B Josh Rutledge",NA,"José Abreu","1.86%",11
131,745691754,"beready77",0,102.95,"P Stephen Strasburg P Dallas Keuchel 1B Matt Carpenter OF Michael Conforto SS Elvis Andrus OF Ender Inciarte C Matt Wieters 3B Joey Gallo 2B Josh Harrison OF Nomar Mazara",NA,"Melky Cabrera","1.86%",9
132,745500916,"DeezNuts4YoMama",0,102.85,"P Zack Greinke P Wade Miley OF Charlie Blackmon SS Trea Turner OF Ian Desmond 1B Ryan Zimmerman OF Matt Kemp 3B Miguel Sanó 2B César Hernández C Brian McCann",NA,"Andrew Romine","1.59%",13
133,745702736,"sanfranniner46",0,102.35,"P Yu Darvish P Dallas Keuchel 2B Rougned Odor OF Khris Davis OF Avisaíl García SS Elvis Andrus OF Ender Inciarte 3B Joey Gallo 1B Justin Bour C Jason Castro",NA,"Roberto Pérez","1.59%",2
134,745702596,"Phreshmaster",0,101.95,"P Stephen Strasburg P Dallas Keuchel SS Trea Turner 2B Daniel Murphy 3B Anthony Rendon C J.T. Realmuto OF Carlos Gómez 1B Justin Bour OF José Martínez OF Matt Joyce",NA,"Chris Coghlan","1.59%",0
135,745323064,"Erichig",0,101.8,"P Eduardo Rodríguez P Wade Miley 1B Paul Goldschmidt 3B Jake Lamb SS Chris Owings OF Giancarlo Stanton OF Christian Yelich 2B Dee Gordon OF Marcell Ozuna C J.T. Realmuto",NA,"Stephen Vogt","1.59%",0
136,745444112,"lennon727",0,101.1,"P Dallas Keuchel P Chris Archer 1B Ryan Zimmerman SS Chris Owings 2B Rougned Odor OF Jayson Werth OF Michael A. Taylor 3B Travis Shaw C Jeff Mathis OF Chris Heisey",NA,"Carlos Santana","1.59%",0
137,745606123,"BRUMMIE22 (1/2)",0,100.85,"P Stephen Strasburg P Chris Archer 3B Jake Lamb OF Christian Yelich 2B Dee Gordon OF Andrew Benintendi OF Michael Conforto 1B Mitch Moreland C Jeff Mathis SS Eduardo Escobar",NA,"Curtis Granderson","1.59%",18
138,745695366,"angiebee50 (1/2)",0,100.65,"P Chris Archer P Zack Greinke 1B Freddie Freeman SS Chris Owings OF Matt Kemp 3B Miguel Sanó 2B José Ramírez OF Ender Inciarte C Matt Wieters OF Nick Markakis",NA,"Robinson Canó","1.59%",23
139,745690479,"eze12373",0,100.6,"P Michael Fulmer P Andrew Triggs OF A.J. Pollock 3B Jake Lamb OF Ian Desmond 1B Freddie Freeman SS Chris Owings 2B Jedd Gyorko OF Andrew Benintendi C Yadier Molina",NA,"Hernán Pérez","1.59%",3
140,745686044,"oddoffal",0,100.45,"P Stephen Strasburg P Eduardo Rodríguez 1B Freddie Freeman OF Giancarlo Stanton OF Nelson Cruz 3B Jedd Gyorko SS Elvis Andrus OF Ender Inciarte C Matt Wieters 2B Josh Harrison",NA,"Rickie Weeks Jr.","1.59%",0
141,745625831,"RipKings8",0,100.25,"P Dallas Keuchel P Kenta Maeda OF Hanley Ramírez SS Corey Seager 1B Edwin Encarnación 3B Jedd Gyorko 2B Jonathan Schoop C J.T. Realmuto OF Ben Gamel OF José Martínez",NA,"T.J. Rivera","1.59%",23
141,745680230,"g_swag12",0,100.25,"P Zack Greinke P Eduardo Rodríguez OF A.J. Pollock OF Charlie Blackmon 1B José Abreu 2B José Altuve OF Mark Trumbo SS Xander Bogaerts C Russell Martin 3B Chris Coghlan",NA,"Nick Markakis","1.59%",5
143,745047312,"turn2gold",0,100.2,"P Dallas Keuchel P Andrew Triggs OF A.J. Pollock 1B Ryan Zimmerman OF Jay Bruce 3B José Reyes OF Michael Conforto SS Elvis Andrus C Matt Wieters 2B Neil Walker",NA,"Josh Bell","1.33%",21
144,745653247,"Schleppboy (1/8)",0,100.15,"P Chris Archer P Rafael Montero 1B Paul Goldschmidt OF A.J. Pollock 3B Jake Lamb OF Ian Desmond OF David Peralta SS Chris Owings 2B Yangervis Solarte C Héctor Sánchez",NA,"Miguel Rojas","1.33%",22
144,745660541,"Schleppboy (2/8)",0,100.15,"P Chris Archer P Rafael Montero 1B Paul Goldschmidt OF A.J. Pollock 3B Jake Lamb OF Ian Desmond OF David Peralta SS Chris Owings 2B Yangervis Solarte C Héctor Sánchez",NA,"Andrew Toles","1.33%",9
144,745694078,"Schleppboy (3/8)",0,100.15,"P Chris Archer P Rafael Montero 1B Paul Goldschmidt OF A.J. Pollock 3B Jake Lamb OF Ian Desmond OF David Peralta SS Chris Owings 2B Yangervis Solarte C Héctor Sánchez",NA,"Jonathan Lucroy","1.33%",2
144,745702112,"Schleppboy (4/8)",0,100.15,"P Chris Archer P Rafael Montero 1B Paul Goldschmidt OF A.J. Pollock 3B Jake Lamb OF Ian Desmond OF David Peralta SS Chris Owings 2B Yangervis Solarte C Héctor Sánchez",NA,"Delino DeShields","1.33%",12
144,745702130,"Schleppboy (5/8)",0,100.15,"P Chris Archer P Rafael Montero 1B Paul Goldschmidt OF A.J. Pollock 3B Jake Lamb OF Ian Desmond OF David Peralta SS Chris Owings 2B Yangervis Solarte C Héctor Sánchez",NA,"Kevin Kiermaier","1.33%",2
144,745702154,"Schleppboy (6/8)",0,100.15,"P Chris Archer P Rafael Montero 1B Paul Goldschmidt OF A.J. Pollock 3B Jake Lamb OF Ian Desmond OF David Peralta SS Chris Owings 2B Yangervis Solarte C Héctor Sánchez",NA,"Chris Heisey","1.33%",0
144,745702173,"Schleppboy (7/8)",0,100.15,"P Chris Archer P Rafael Montero 1B Paul Goldschmidt OF A.J. Pollock 3B Jake Lamb OF Ian Desmond OF David Peralta SS Chris Owings 2B Yangervis Solarte C Héctor Sánchez",NA,"Gerardo Parra","1.33%",11
144,745702187,"Schleppboy (8/8)",0,100.15,"P Chris Archer P Rafael Montero 1B Paul Goldschmidt OF A.J. Pollock 3B Jake Lamb OF Ian Desmond OF David Peralta SS Chris Owings 2B Yangervis Solarte C Héctor Sánchez",NA,"Lorenzo Cain","1.33%",5
152,745674920,"CAPTAINROMEO",0,99.1,"P Dallas Keuchel P Chris Archer 1B Ryan Zimmerman SS Chris Owings OF Khris Davis OF Andrew Benintendi 3B Ryan Schimpf 2B Yangervis Solarte C Stephen Vogt OF Corey Dickerson",NA,"Justin Upton","1.33%",7
153,745078667,"scout326 (3/14)",0,98.85,"P Stephen Strasburg P Danny Salazar 3B Manny Machado OF Adam Jones 1B Chris Davis 2B Jonathan Schoop OF Steven Souza Jr. OF Corey Dickerson SS Tim Beckham C Derek Norris",NA,"Wil Myers","1.06%",2
154,745694975,"dfsguru247",0,98.75,"P Chris Archer P Nick Pivetta 1B Paul Goldschmidt 3B Jake Lamb OF Charlie Blackmon OF David Peralta SS Chris Owings 2B Dustin Pedroia C J.T. Realmuto OF Lonnie Chisenhall",NA,"Jackie Bradley Jr.","1.06%",0
155,745702474,"thefantasykid13 (2/4)",0,98.6,"P Danny Salazar P Eduardo Rodríguez 1B Paul Goldschmidt 3B Jake Lamb OF Ian Desmond OF David Peralta OF Michael Conforto C Tyler Flowers SS Tim Beckham 2B Kolten Wong",NA,"Nick Pivetta","1.06%",9.25
156,745631256,"Ivanas99 (3/3)",0,98.5,"P Stephen Strasburg P Zack Greinke 1B Eric Thames 2B José Altuve SS Carlos Correa 3B Miguel Sanó OF Khris Davis C Matt Wieters OF Steven Souza Jr. OF Ben Gamel",NA,"Matt Joyce","1.06%",0
157,745491507,"bultman22",0,98.25,"P Yu Darvish P Chris Archer OF Mike Trout OF Giancarlo Stanton SS Corey Seager OF Robbie Grossman 3B Hernán Pérez C Manny Piña 2B Kolten Wong 1B José Martínez",NA,"Ryan Goins","1.06%",2
158,745109415,"dandydon (3/5)",0,98.1,"P Chris Archer P Andrew Triggs 3B Nolan Arenado OF Charlie Blackmon SS Trea Turner 1B Mark Reynolds OF Gerardo Parra OF Michael Conforto C Dustin Garneau 2B Kolten Wong",NA,"Brandon Drury","1.06%",0
158,745247792,"markaw4 (6/14)",0,98.1,"P Danny Salazar P Andrew Triggs 3B Nolan Arenado 2B José Altuve SS Carlos Correa OF George Springer OF Jay Bruce OF Josh Reddick C Matt Wieters 1B Justin Bour",NA,"Nicholas Castellanos","1.06%",2
160,745694903,"PigskinABlanket (2/5)",0,97.8,"P Michael Fulmer P Jhoulys Chacin 3B Nolan Arenado OF Charlie Blackmon SS Trea Turner 2B Daniel Murphy OF Giancarlo Stanton OF Christian Yelich C J.T. Realmuto 1B Justin Bour",NA,"Shin-soo Choo","1.06%",3
161,745090244,"Jstock24 (5/10)",0,97.6,"P Danny Salazar P Eduardo Rodríguez OF Charlie Blackmon SS Trevor Story 2B DJ LeMahieu OF José Bautista 3B Jedd Gyorko 1B Matt Carpenter C Russell Martin OF Kevin Pillar",NA,"Yasiel Puig","0.80%",13
161,745667737,"Rayjan5",0,97.6,"P Chris Archer P Eduardo Rodríguez OF Mark Trumbo OF Melky Cabrera SS Xander Bogaerts 1B Edwin Encarnación OF Jay Bruce 2B Dustin Pedroia 3B José Reyes C Christian Vázquez",NA,"Randal Grichuk","0.80%",8
163,745627310,"Ivanas99 (1/3)",0,97.5,"P Stephen Strasburg P Zack Greinke SS Francisco Lindor 3B Miguel Sanó 1B Carlos Santana OF Jay Bruce 2B José Ramírez OF Michael Conforto C Matt Wieters OF Curtis Granderson",NA,"Trevor Plouffe","0.80%",0
164,745652788,"mjc08bc (5/8)",0,97.4,"P Michael Fulmer P Mike Foltynewicz 1B Paul Goldschmidt OF A.J. Pollock 3B Jake Lamb OF Yasmany Tomás OF David Peralta 2B Neil Walker C Jason Castro SS Eduardo Escobar",NA,"Brandon Phillips","0.80%",0
165,745676365,"thetruth3080",0,97.1,"P Chris Archer P Andrew Triggs OF A.J. Pollock 3B Jake Lamb OF Yasmany Tomás OF David Peralta SS Chris Owings 2B Jedd Gyorko C Tyler Flowers 1B José Martínez",NA,"George Springer","0.80%",9
166,745488135,"BigHoj (1/3)",0,97,"P Stephen Strasburg P Kenta Maeda 3B Jake Lamb OF Charlie Blackmon OF Jay Bruce OF Michael Conforto 2B Neil Walker SS Tim Beckham 1B T.J. Rivera C René Rivera",NA,"Joe Mauer","0.80%",23
166,745684176,"devski32 (2/2)",0,97,"P Stephen Strasburg P Kenta Maeda 1B José Abreu OF Melky Cabrera OF Nelson Cruz SS Tim Anderson OF Avisaíl García 3B Matt Davidson 2B Kolten Wong C René Rivera",NA,"Mike Trout","0.80%",7
168,745589621,"collinman005 (1/2)",0,96.95,"P Stephen Strasburg P Andrew Triggs 1B Paul Goldschmidt 3B Jake Lamb OF Yasmany Tomás SS Francisco Lindor OF Michael Brantley OF Michael Conforto 2B Kolten Wong C René Rivera",NA,"Keon Broxton","0.80%",5
169,745667383,"Killerclown007",0,96.85,"P Stephen Strasburg P Chris Archer 3B Manny Machado OF Mookie Betts 2B Dustin Pedroia OF Seth Smith C Yasmani Grandal OF Lonnie Chisenhall 1B Justin Bour SS Tim Beckham",NA,"Jorge Polanco","0.80%",5
170,745247800,"markaw4 (14/14)",0,96.8,"P Andrew Triggs P Miguel González 1B Paul Goldschmidt OF A.J. Pollock 3B Jake Lamb 2B Daniel Murphy OF Yasmany Tomás SS Chris Owings OF Jay Bruce C Matt Wieters",NA,"Mike Napoli","0.80%",0
171,745619735,"Rocketx",0,96.7,"P Michael Fulmer P Wade Miley 1B Paul Goldschmidt OF A.J. Pollock 3B Jake Lamb SS Chris Owings 2B Brandon Drury C Matt Wieters OF Leury García OF Chris Heisey",NA,"Albert Pujols","0.80%",14
172,745694902,"PigskinABlanket (1/5)",0,96.6,"P Michael Fulmer P Andrew Triggs 3B Nolan Arenado OF Charlie Blackmon SS Trea Turner 2B Daniel Murphy OF Giancarlo Stanton OF Christian Yelich C J.T. Realmuto 1B Justin Bour",NA,"Eric Hosmer","0.80%",24
172,745694904,"PigskinABlanket (3/5)",0,96.6,"P Michael Fulmer P Andrew Triggs 3B Nolan Arenado OF Charlie Blackmon SS Trea Turner 2B Daniel Murphy OF Giancarlo Stanton OF Christian Yelich C J.T. Realmuto 1B Justin Bour",NA,"Miguel Cabrera","0.80%",8
172,745694905,"PigskinABlanket (4/5)",0,96.6,"P Michael Fulmer P Andrew Triggs 3B Nolan Arenado OF Charlie Blackmon SS Trea Turner 2B Daniel Murphy OF Giancarlo Stanton OF Christian Yelich C J.T. Realmuto 1B Justin Bour",NA,"Lonnie Chisenhall","0.80%",0
172,745694906,"PigskinABlanket (5/5)",0,96.6,"P Michael Fulmer P Andrew Triggs 3B Nolan Arenado OF Charlie Blackmon SS Trea Turner 2B Daniel Murphy OF Giancarlo Stanton OF Christian Yelich C J.T. Realmuto 1B Justin Bour",NA,"German Márquez","0.80%",4.7
176,745674511,"WisCubbie",0,96.1,"P Dallas Keuchel P Chris Archer OF Ian Desmond 1B Eric Thames SS Corey Seager 3B Evan Longoria 2B Jedd Gyorko C Yasmani Grandal OF Ben Gamel OF Andrew Romine",NA,"Joc Pederson","0.53%",4
177,745690534,"SpiderFngrz (1/6)",0,96,"P Stephen Strasburg P Francisco Liriano OF A.J. Pollock OF Charlie Blackmon 1B Mark Reynolds OF Andrew Benintendi 2B Josh Harrison SS J.J. Hardy C Jeff Mathis 3B Josh Rutledge",NA,"Kyle Seager","0.53%",5
178,745686654,"blutoalger",0,95.5,"P Stephen Strasburg P Zack Greinke OF Hanley Ramírez OF Michael Brantley 1B Wil Myers 2B Rougned Odor OF Khris Davis SS Elvis Andrus 3B Nicholas Castellanos C Salvador Pérez",NA,"Ryan Schimpf","0.53%",5
179,745627557,"bobbytucc (1/2)",0,95.1,"P Dallas Keuchel P Chris Archer OF A.J. Pollock 3B Jake Lamb 1B Jay Bruce OF Andrew Benintendi OF Nomar Mazara SS Tim Beckham 2B Kolten Wong C Caleb Joseph",NA,"Eddie Rosario","0.53%",15
180,745608728,"Run4Fun",0,95,"P Danny Salazar P Chris Archer 3B Jake Lamb OF Charlie Blackmon 2B Brian Dozier OF Jay Bruce OF Michael Conforto SS Tim Beckham 1B T.J. Rivera C René Rivera",NA,"Chad Kuhl","0.53%",9.55
181,745692910,"chadph13",0,94.95,"P Stephen Strasburg P Dallas Keuchel OF Hanley Ramírez SS Corey Seager OF Adam Jones OF Matt Kemp 3B Miguel Sanó C Derek Norris 1B José Martínez 2B Ryan Goins",NA,"Whit Merrifield","0.53%",5
182,745691599,"clemsonace (1/2)",0,94.85,"P Stephen Strasburg P Danny Salazar 3B Jake Lamb OF Ian Desmond 1B Jay Bruce OF Christian Yelich OF Marcell Ozuna C Christian Vázquez 2B Josh Rutledge SS Miguel Rojas",NA,"Daniel Robertson","0.53%",16
183,745464179,"fraggle13 (5/7)",0,94.8,"P Eduardo Rodríguez P Wade Miley OF A.J. Pollock OF Charlie Blackmon 1B Ryan Zimmerman SS Francisco Lindor 2B Dustin Pedroia 3B Justin Turner OF Andrew Benintendi C Dustin Garneau",NA,"Jorge Bonifacio","0.53%",8
184,745687125,"mr.c2155",0,94.5,"P Chris Archer P Michael Fulmer OF Mookie Betts OF Hanley Ramírez SS Xander Bogaerts 2B Brian Dozier OF Max Kepler 1B Joe Mauer 3B Joey Gallo C Jason Castro",NA,"Maikel Franco","0.53%",3
185,745682749,"eric0107",0,94.3,"P Andrew Triggs 1B Paul Goldschmidt 3B Nolan Arenado OF A.J. Pollock SS Trea Turner 2B Daniel Murphy OF Mookie Betts OF Mark Trumbo C Matt Wieters P German Márquez",NA,"Jason Hammel","0.53%",24.5
186,745247790,"markaw4 (4/14)",0,94.15,"P Chris Archer P Jesse Chávez SS Trea Turner 3B Manny Machado OF Mookie Betts OF Adam Jones 1B Chris Davis 2B Jonathan Schoop OF Seth Smith C Yasmani Grandal",NA,"Jason Kipnis","0.53%",8
186,745247797,"markaw4 (11/14)",0,94.15,"P Chris Archer P Jesse Chávez SS Trea Turner OF Ian Desmond 2B Brian Dozier 3B Miguel Sanó OF Jay Bruce 1B Joe Mauer C Matt Wieters OF Robbie Grossman",NA,"Peter Bourjos","0.53%",0
188,745078672,"scout326 (8/14)",0,93.95,"P Stephen Strasburg P Andrew Triggs OF Charlie Blackmon SS Corey Seager 1B Jay Bruce 2B Dee Gordon 3B Justin Turner OF Yasiel Puig OF Andrew Toles C Yasmani Grandal",NA,"Abraham Almonte","0.53%",0
188,745688361,"critchie",0,93.95,"P Stephen Strasburg P Andrew Triggs OF Ian Desmond 1B Freddie Freeman OF Matt Kemp 3B Miguel Sanó SS Jean Segura 2B Jedd Gyorko C Matt Wieters OF Kevin Pillar",NA,"Victor Martinez","0.53%",19
190,745685721,"AllConsumingNemesis",0,93.6,"P Chris Archer P Eduardo Rodríguez 2B Daniel Murphy OF Mookie Betts 1B Ryan Zimmerman OF Jay Bruce OF Michael Conforto C Matt Wieters 3B Marwin González SS Tim Beckham",NA,"Jim Adduci","0.53%",21
191,745675041,"Matbac9 (1/2)",0,93.3,"P Dallas Keuchel P Wade Miley OF Charlie Blackmon 3B Manny Machado 1B Ryan Zimmerman 2B Jonathan Schoop OF Michael Conforto OF Ender Inciarte C Brian McCann SS Tim Beckham",NA,"Cameron Rupp","0.53%",2
192,745680480,"SteelSparrow",0,93.2,"P Chris Archer P Wade Miley 1B Paul Goldschmidt 2B Brian Dozier OF Adam Jones OF Andrew McCutchen OF Jayson Werth 3B Kyle Seager C Dustin Garneau SS Jorge Polanco",NA,"Tyler Collins","0.53%",4
193,744973587,"Golfnut4653",0,93.1,"P Chris Archer P Andrew Triggs 3B Jake Lamb OF Mookie Betts OF Hanley Ramírez SS Xander Bogaerts 1B Chris Davis 2B Dustin Pedroia OF Andrew Benintendi C Caleb Joseph",NA,"Erick Aybar","0.53%",5
194,745652787,"mjc08bc (4/8)",0,93.05,"P Kenta Maeda P Mike Foltynewicz SS Trea Turner OF Ian Desmond 2B Brian Dozier 3B Miguel Sanó OF Max Kepler 1B Joe Mauer OF Robbie Grossman C Brian McCann",NA,"Dansby Swanson","0.27%",0
195,745673787,"Birdzofprey15",0,92.95,"P Yu Darvish P Phil Hughes OF Mike Trout OF Charlie Blackmon OF Ian Desmond 1B Ryan Zimmerman 2B Dee Gordon 3B Martín Prado SS Tim Beckham C Manny Piña",NA,"Devon Travis","0.27%",7
196,745673387,"kerickh (1/2)",0,92.9,"P Eduardo Rodríguez P Jhoulys Chacin 1B Paul Goldschmidt 3B Manny Machado 2B Daniel Murphy OF Yasmany Tomás OF Hanley Ramírez OF Giancarlo Stanton SS Corey Seager C Matt Wieters",NA,"Josh Reddick","0.27%",19
197,745695253,"jimg1215",0,92.75,"P Kenta Maeda P Eduardo Rodríguez 1B Eric Thames OF Hanley Ramírez OF Chris Owings SS Carlos Correa OF Gregory Polanco 2B Dustin Pedroia C Cameron Rupp 3B T.J. Rivera",NA,"Omar Narváez","0.27%",8
198,745562233,"DanManTX (2/11)",0,92.25,"P Francisco Liriano P Andrew Triggs 1B Paul Goldschmidt OF A.J. Pollock OF Yasmany Tomás OF David Peralta SS Francisco Lindor 2B Dustin Pedroia 3B Josh Harrison C Jeff Mathis",NA,"José Iglesias","0.27%",14
199,745464177,"fraggle13 (3/7)",0,92.15,"P Danny Salazar P Kenta Maeda OF Hanley Ramírez SS Francisco Lindor 1B Jay Bruce 2B Jedd Gyorko OF Andrew Benintendi OF Michael Conforto 3B Wilmer Flores C Christian Vázquez",NA,"Yovani Gallardo","0.27%",13.9
200,745691967,"HammerDFS (1/2)",0,92,"P Stephen Strasburg P Kenta Maeda 2B Daniel Murphy SS Francisco Lindor 3B Evan Longoria OF Avisaíl García OF Ender Inciarte OF Steven Souza Jr. C Tyler Flowers 1B Rickie Weeks Jr.",NA,"Nick Franklin","0.27%",9
201,745399419,"jgallagher80 (4/4)",0,91.85,"P Stephen Strasburg P Chris Archer OF Mookie Betts OF Hanley Ramírez 2B Dustin Pedroia OF Andrew Benintendi 1B Mitch Moreland 3B Ryan Schimpf SS Tim Beckham C Caleb Joseph",NA,"Chris Herrmann","0.27%",0
201,745693014,"skatan999",0,91.85,"P Zack Greinke P Wade Miley OF A.J. Pollock SS Trea Turner 1B Freddie Freeman OF Andrew McCutchen 2B Dee Gordon 3B Justin Turner OF Andrew Benintendi C Yasmani Grandal",NA,"Kole Calhoun","0.27%",5
201,745698392,"Dani2222",0,91.85,"P Stephen Strasburg P Danny Salazar 2B Daniel Murphy OF Chris Owings 1B Jay Bruce OF Michael Conforto C Yadier Molina 3B Wilmer Flores SS Tim Beckham OF Kevin Pillar",NA,"Michael Saunders","0.27%",8
204,745684229,"dennis8532",0,91.65,"P Danny Salazar P Zack Greinke SS Trea Turner 2B Daniel Murphy 1B Ryan Zimmerman OF Michael Conforto OF Keon Broxton C Matt Wieters OF Aaron Altherr 3B Hernán Pérez",NA,"Leury García","0.27%",6
205,745098555,"Jstock24 (9/10)",0,91.6,"P Danny Salazar P Eduardo Rodríguez 3B Manny Machado SS Trevor Story 2B DJ LeMahieu 1B Chris Davis OF José Bautista OF Seth Smith C Russell Martin OF Kevin Pillar",NA,"Mike Moustakas","0.27%",3
206,745680113,"turkaintsogreat",0,91.1,"P Michael Fulmer P Eduardo Rodríguez SS Trevor Story OF Mookie Betts 1B Eric Thames OF Hanley Ramírez OF David Peralta 3B Anthony Rendon 2B Jonathan Schoop C Manny Piña",NA,"Alex Avila","0.27%",0
207,745679760,"RaiderBulldogs",0,90.6,"P Michael Fulmer P Andrew Triggs 3B Jake Lamb OF Charlie Blackmon 1B Freddie Freeman OF Mark Trumbo 2B Jonathan Villar SS Tim Anderson OF Marcell Ozuna C J.T. Realmuto",NA,"Tyler Saladino","0.27%",0
208,745701455,"hightopsfeet",0,90.35,"P Yu Darvish P Dallas Keuchel OF Ian Desmond OF David Peralta 1B Wil Myers OF Khris Davis SS Elvis Andrus 3B Josh Rutledge C Martín Maldonado 2B Ryan Goins",NA,"Hunter Renfroe","0.27%",0
209,745591820,"DanManTX (6/11)",0,90.3,"P Kenta Maeda P Francisco Liriano OF Charlie Blackmon SS Trevor Story 1B Ryan Zimmerman OF Nelson Cruz OF Andrew Benintendi 2B Josh Harrison C Jeff Mathis 3B Josh Rutledge",NA,"James McCann","0.27%",0
210,745692449,"Lesmac24 (1/2)",0,90.1,"P Danny Salazar P Andrew Triggs 1B Paul Goldschmidt 3B Jake Lamb OF Charlie Blackmon 2B DJ LeMahieu OF Michael Conforto OF Seth Smith SS Tim Beckham C Manny Piña",NA,"Phil Hughes","0.27%",16.2
211,745703342,"vosace",0,89.4,"P Yu Darvish P Francisco Liriano OF Yasmany Tomás OF Hanley Ramírez SS Chris Owings 3B Jedd Gyorko 1B Matt Carpenter OF Marcell Ozuna C Christian Vázquez 2B Kolten Wong",NA,"Steve Pearce","0.27%",0
212,745464178,"fraggle13 (4/7)",0,88.75,"P Kenta Maeda P Eduardo Rodríguez OF Mookie Betts 1B Hanley Ramírez OF Giancarlo Stanton SS Xander Bogaerts 2B Dustin Pedroia 3B Justin Turner OF Andrew Benintendi C Caleb Joseph",NA,"Yonder Alonso","0.27%",12
213,745703413,"angiebee50 (2/2)",0,88.35,"P Stephen Strasburg P Michael Fulmer 1B Miguel Cabrera 2B Brian Dozier SS Francisco Lindor OF Andrew McCutchen 3B Evan Longoria C Salvador Pérez OF Nomar Mazara OF Corey Dickerson",NA,"José Osuna","0.27%",0
214,745673363,"mrclean023",0,88.25,"P Kenta Maeda P Andrew Triggs 3B Manny Machado OF Mookie Betts OF Mark Trumbo SS Xander Bogaerts 1B Chris Davis 2B Dustin Pedroia OF Seth Smith C Christian Vázquez",NA,"Carlos Ruiz","0.27%",0
215,745078665,"scout326 (1/14)",0,88.1,"P Danny Salazar P Andrew Triggs SS Trea Turner OF Mookie Betts 1B Ryan Zimmerman OF Hanley Ramírez 2B Dustin Pedroia OF Andrew Benintendi C Matt Wieters 3B Josh Rutledge",NA,"Freddy Galvis","0.27%",9
215,745247791,"markaw4 (5/14)",0,88.1,"P Chris Archer P Andrew Triggs OF Ian Desmond 1B Freddie Freeman 2B Daniel Murphy SS Corey Seager 3B Justin Turner OF Jayson Werth OF Andrew Toles C Yasmani Grandal",NA,"Danny Valencia","0.27%",3
217,745695323,"packerbackerbrad",0,87.85,"P Zack Greinke P Wade Miley SS Trea Turner OF Ian Desmond 1B Ryan Zimmerman 2B José Altuve OF Matt Kemp 3B Miguel Sanó OF Jay Bruce C Ryan Hanigan",NA,"Tom Koehler","0.27%",7.05
218,745537867,"bucknut813",0,87.7,"P Danny Salazar P Miguel González 1B Paul Goldschmidt OF Ian Desmond SS Francisco Lindor OF Michael Brantley OF Matt Kemp 3B Maikel Franco 2B Jedd Gyorko C Matt Wieters",NA,"Franklin Gutierrez","0.27%",5
219,745674664,"Bigcatlechnir",0,87.6,"P Chris Archer P Eduardo Rodríguez 3B Jake Lamb OF Mookie Betts 1B Hanley Ramírez OF Giancarlo Stanton SS Francisco Lindor OF Andrew Benintendi C Francisco Cervelli 2B Kolten Wong",NA,"Jordy Mercer","0.27%",4
220,745703445,"jaclynrhea (2/2)",0,87.25,"P Yu Darvish P Danny Salazar 1B Hanley Ramírez OF Andrew Benintendi SS Elvis Andrus 3B Joey Gallo C J.T. Realmuto OF Carlos Gómez OF Nomar Mazara 2B Kolten Wong",NA,"Guillermo Heredia","0.27%",7
221,745464175,"fraggle13 (1/7)",0,87.1,"P Yu Darvish P Stephen Strasburg 1B Jay Bruce OF Michael Conforto 3B Joey Gallo 2B Neil Walker C Dustin Garneau OF Curtis Granderson OF Marwin González SS Tim Beckham",NA,"Aaron Altherr","0.27%",7
222,745671203,"Crowe151 (1/3)",0,87.05,"P Stephen Strasburg P Wade Miley OF Ian Desmond 3B Miguel Sanó SS Jean Segura OF Shin-soo Choo 1B Matt Carpenter C Matt Wieters OF Carlos Gómez 2B Yangervis Solarte",NA,"Cory Spangenberg","0.27%",9
222,745678714,"Crowe151 (2/3)",0,87.05,"P Stephen Strasburg P Wade Miley OF Ian Desmond 3B Miguel Sanó SS Jean Segura OF Shin-soo Choo 1B Matt Carpenter C Matt Wieters OF Carlos Gómez 2B Yangervis Solarte",NA,"Manuel Margot","0.27%",2
222,745678756,"Crowe151 (3/3)",0,87.05,"P Stephen Strasburg P Wade Miley OF Ian Desmond 3B Miguel Sanó SS Jean Segura OF Shin-soo Choo 1B Matt Carpenter C Matt Wieters OF Carlos Gómez 2B Yangervis Solarte",NA,"Gregory Polanco","0.27%",12
225,745464176,"fraggle13 (2/7)",0,87,"P Stephen Strasburg P Francisco Liriano 3B Manny Machado SS Carlos Correa OF Jay Bruce 2B Jedd Gyorko OF Andrew Benintendi OF Michael Conforto C J.T. Realmuto 1B Rickie Weeks Jr.",NA,"Ryan Hanigan","0.27%",0
226,745675444,"gredow1979",0,86.85,"P Stephen Strasburg P Chris Archer OF David Peralta SS Chris Owings 2B Brandon Drury OF Giancarlo Stanton 3B Trevor Plouffe C Jeff Mathis 1B Yonder Alonso OF Matt Joyce",NA,"Martín Maldonado","0.27%",19
227,745098556,"Jstock24 (10/10)",0,86.8,"P Eduardo Rodríguez P Wade Miley 1B Paul Goldschmidt OF A.J. Pollock OF Charlie Blackmon 2B DJ LeMahieu SS Chris Owings OF José Bautista C Russell Martin 3B Chris Coghlan",NA,"Odúbel Herrera","0.27%",9
228,745667813,"Jeremyyaya (1/5)",0,86.7,"P Michael Fulmer P Wade Miley SS Trea Turner OF Ian Desmond 1B Ryan Zimmerman 3B José Reyes OF Michael Conforto OF Michael A. Taylor 2B Neil Walker C René Rivera",NA,"Bruce Maxwell","0.27%",2
228,745667886,"Jeremyyaya (2/5)",0,86.7,"P Michael Fulmer P Wade Miley SS Trea Turner OF Ian Desmond 1B Ryan Zimmerman 3B José Reyes OF Michael Conforto OF Michael A. Taylor 2B Neil Walker C René Rivera",NA,"Alcides Escobar","0.27%",7
228,745670220,"Jeremyyaya (3/5)",0,86.7,"P Michael Fulmer P Wade Miley SS Trea Turner OF Ian Desmond 1B Ryan Zimmerman 3B José Reyes OF Michael Conforto OF Michael A. Taylor 2B Neil Walker C René Rivera",NA,"Andrelton Simmons","0.27%",5
228,745670251,"Jeremyyaya (4/5)",0,86.7,"P Michael Fulmer P Wade Miley SS Trea Turner OF Ian Desmond 1B Ryan Zimmerman 3B José Reyes OF Michael Conforto OF Michael A. Taylor 2B Neil Walker C René Rivera",NA,"","",NA
228,745670299,"Jeremyyaya (5/5)",0,86.7,"P Michael Fulmer P Wade Miley SS Trea Turner OF Ian Desmond 1B Ryan Zimmerman 3B José Reyes OF Michael Conforto OF Michael A. Taylor 2B Neil Walker C René Rivera",NA,"","",NA
233,745694968,"afwx2002 (2/2)",0,86.2,"P Chris Archer P Wade Miley SS Trea Turner 1B Freddie Freeman OF Matt Kemp 3B Miguel Sanó OF Nelson Cruz OF Ender Inciarte 2B César Hernández C Yasmani Grandal",NA,"","",NA
234,745563413,"camshaft4",0,86.15,"P Michael Fulmer P Zack Greinke 3B Manny Machado OF Mookie Betts SS Chris Owings OF Michael Brantley 1B Carlos Santana 2B José Ramírez OF Justin Upton C Russell Martin",NA,"","",NA
235,745652790,"mjc08bc (7/8)",0,86.1,"P Dallas Keuchel P Chris Archer 1B Freddie Freeman OF Matt Kemp OF Jay Bruce 2B Dustin Pedroia OF Ender Inciarte 3B Matt Davidson SS Tim Beckham C René Rivera",NA,"","",NA
235,745693880,"andrewgregas21",0,86.1,"P Chris Archer P Andrew Triggs OF A.J. Pollock 3B Manny Machado 1B Eric Thames 2B Brian Dozier OF Michael Brantley OF Andrew Benintendi C Yasmani Grandal SS Tim Beckham",NA,"","",NA
237,745675216,"Clownbaby77",0,86.05,"P Francisco Liriano P Mike Foltynewicz 1B Paul Goldschmidt OF A.J. Pollock OF Yasmany Tomás OF David Peralta SS Xander Bogaerts 2B Dustin Pedroia 3B Matt Davidson C René Rivera",NA,"","",NA
238,745078669,"scout326 (5/14)",0,85.9,"P Danny Salazar P Mike Foltynewicz OF Mookie Betts 1B Hanley Ramírez SS Corey Seager 2B Dustin Pedroia 3B Justin Turner OF Joc Pederson OF Cody Bellinger C Yasmani Grandal",NA,"","",NA
239,745681590,"dirtydarth",0,85.85,"P Stephen Strasburg P Danny Salazar 1B Eric Thames OF Max Kepler OF Andrew Benintendi OF Ender Inciarte 3B Travis Shaw C J.T. Realmuto 2B Yangervis Solarte SS Jordy Mercer",NA,"","",NA
240,745288028,"Marsharks",0,85.75,"P Stephen Strasburg P Mike Foltynewicz 3B Jake Lamb OF Charlie Blackmon 1B Jay Bruce 2B Dee Gordon OF Andrew Benintendi OF Michael Conforto C Brian McCann SS Tim Beckham",NA,"","",NA
241,745535331,"fraggle13 (7/7)",0,85.7,"P Eduardo Rodríguez P Andrew Triggs 1B Paul Goldschmidt 3B Jake Lamb OF Ian Desmond OF Yasmany Tomás SS Chris Owings 2B Brandon Drury OF Andrew Benintendi C Caleb Joseph",NA,"","",NA
242,745633327,"gord420 (2/2)",0,85.35,"P Kenta Maeda P Wade Miley SS Trevor Story 2B DJ LeMahieu OF Giancarlo Stanton 1B Mark Reynolds OF Christian Yelich 3B Evan Longoria C Jeff Mathis OF Peter Bourjos",NA,"","",NA
243,745392093,"tjay24 (2/2)",0,85.2,"P Dallas Keuchel P Andrew Triggs SS Trea Turner 2B Daniel Murphy 1B Ryan Zimmerman OF Melky Cabrera OF Jayson Werth OF Avisaíl García 3B Matt Davidson C Omar Narváez",NA,"","",NA
244,745703216,"brewscrew",0,85.1,"P Dallas Keuchel P Danny Salazar OF Michael Brantley OF Christian Yelich OF Khris Davis SS Elvis Andrus C Matt Wieters 3B Travis Shaw 1B Victor Martinez 2B Jed Lowrie",NA,"","",NA
245,745698728,"Ballard12 (2/2)",0,84.7,"P Eduardo Rodríguez P Andrew Triggs OF Charlie Blackmon SS Trea Turner 3B Manny Machado 2B Daniel Murphy 1B Ryan Zimmerman OF Matt Kemp OF Jay Bruce C Derek Norris",NA,"","",NA
246,745521255,"MBrownie",0,84.6,"P Danny Salazar P Eduardo Rodríguez 1B Freddie Freeman OF Mark Trumbo SS Carlos Correa 3B José Ramírez 2B Dustin Pedroia OF Gerardo Parra C Russell Martin OF Jorge Bonifacio",NA,"","",NA
246,745572288,"ryan31988",0,84.6,"P Danny Salazar P Eduardo Rodríguez 3B Jake Lamb OF Hanley Ramírez 1B Edwin Encarnación OF Justin Upton SS Jean Segura OF Jayson Werth 2B Jonathan Schoop C Roberto Pérez",NA,"","",NA
246,745684424,"stef4455",0,84.6,"P Chris Archer P Eduardo Rodríguez OF A.J. Pollock SS Trevor Story 1B Eric Thames OF Jay Bruce 2B Dustin Pedroia 3B José Reyes OF Michael Conforto C Héctor Sánchez",NA,"","",NA
249,745428983,"ShawnRomo9",0,84.15,"P Dallas Keuchel P Chad Kuhl OF A.J. Pollock OF Charlie Blackmon 1B Ryan Zimmerman SS Francisco Lindor OF Michael Brantley C Matt Wieters 2B César Hernández 3B Martín Prado",NA,"","",NA
250,745683169,"Chugger988",0,84.1,"P Dallas Keuchel P Chris Archer OF Matt Kemp OF George Springer 2B José Ramírez SS Aledmys Díaz 3B Matt Davidson 1B Mike Napoli OF Nick Markakis C Jonathan Lucroy",NA,"","",NA
251,745078666,"scout326 (2/14)",0,83.85,"P Stephen Strasburg P Chris Archer 1B Freddie Freeman OF Matt Kemp OF Jay Bruce OF Michael Conforto 2B Neil Walker SS Dansby Swanson 3B Wilmer Flores C Tyler Flowers",NA,"","",NA
252,745692887,"AloofTheKiller (5/5)",0,83.2,"P Michael Fulmer P Miguel González 3B Jake Lamb OF Charlie Blackmon 1B Freddie Freeman OF Hanley Ramírez 2B José Altuve SS Corey Seager OF Christian Yelich C Matt Wieters",NA,"","",NA
253,745677560,"awampler91 (1/3)",0,83.1,"P Chris Archer P Andrew Triggs 3B Jake Lamb OF Charlie Blackmon OF Ian Desmond 1B Freddie Freeman SS Jean Segura OF Ender Inciarte C Yadier Molina 2B Jed Lowrie",NA,"","",NA
253,745677573,"awampler91 (2/3)",0,83.1,"P Chris Archer P Andrew Triggs 3B Jake Lamb OF Charlie Blackmon OF Ian Desmond 1B Freddie Freeman SS Jean Segura OF Ender Inciarte C Yadier Molina 2B Jed Lowrie",NA,"","",NA
253,745685512,"awampler91 (3/3)",0,83.1,"P Chris Archer P Andrew Triggs 3B Jake Lamb OF Charlie Blackmon OF Ian Desmond 1B Freddie Freeman SS Jean Segura OF Ender Inciarte C Yadier Molina 2B Jed Lowrie",NA,"","",NA
256,745689929,"DesertDonkey",0,83.05,"P Stephen Strasburg OF Charlie Blackmon SS Trea Turner 1B Eric Thames OF Mark Trumbo OF Giancarlo Stanton 2B José Ramírez 3B Anthony Rendon C Yadier Molina P German Márquez",NA,"","",NA
257,745078678,"scout326 (14/14)",0,83,"P Danny Salazar P Chris Archer OF Mookie Betts OF Hanley Ramírez 3B Miguel Sanó 2B Dustin Pedroia OF Robbie Grossman 1B Mitch Moreland C Jason Castro SS Eduardo Escobar",NA,"","",NA
258,745143534,"jgallagher80 (1/4)",0,82.25,"P Kenta Maeda P Andrew Triggs OF A.J. Pollock 1B José Abreu OF Melky Cabrera 2B José Ramírez SS Tim Anderson OF Avisaíl García C Matt Wieters 3B Matt Davidson",NA,"","",NA
259,745652786,"mjc08bc (3/8)",0,82,"P Dallas Keuchel P Mike Foltynewicz OF A.J. Pollock SS Xander Bogaerts 3B Miguel Sanó 1B Jay Bruce OF Michael Conforto C J.T. Realmuto 2B Neil Walker OF Curtis Granderson",NA,"","",NA
260,745675752,"pack63",0,81.75,"P Dallas Keuchel P Zack Greinke 3B Jake Lamb 1B Eric Thames SS Chris Owings 2B Jedd Gyorko OF Khris Davis OF Ender Inciarte C Russell Martin OF Ben Gamel",NA,"","",NA
261,745464180,"fraggle13 (6/7)",0,81.3,"P Wade Miley P Andrew Triggs 1B Paul Goldschmidt OF A.J. Pollock 3B Jake Lamb OF Charlie Blackmon OF Ian Desmond 2B Neil Walker C Dustin Garneau SS Tim Beckham",NA,"","",NA
262,745692981,"mosh8124 (2/2)",0,81.15,"P Chris Archer P Jesse Chávez 3B Jake Lamb 2B Daniel Murphy 1B Ryan Zimmerman OF Melky Cabrera OF Adam Jones SS Tim Anderson OF José Bautista C Roberto Pérez",NA,"","",NA
263,745458752,"cragar8",0,80.85,"P Stephen Strasburg P Chris Archer 3B Nolan Arenado OF Charlie Blackmon 1B Carlos Santana OF Seth Smith C Yasmani Grandal SS Tim Beckham 2B Kolten Wong OF Matt Joyce",NA,"","",NA
264,745681595,"kerickh (2/2)",0,80.65,"P Zack Greinke P Jason Hammel 3B Nolan Arenado OF Ian Desmond SS Trevor Story OF Mookie Betts 1B Miguel Cabrera 2B Dustin Pedroia C J.T. Realmuto OF Kevin Kiermaier",NA,"","",NA
265,745672357,"nerbud",0,80.45,"P Yu Darvish P Wade Miley OF Ian Desmond 1B Ryan Zimmerman 3B Miguel Sanó SS Jean Segura OF Avisaíl García C Matt Wieters 2B César Hernández OF Ben Gamel",NA,"","",NA
266,745660299,"DeeMac74",0,80.3,"P Dallas Keuchel P Wade Miley OF A.J. Pollock 1B Miguel Cabrera SS Corey Seager 3B Anthony Rendon 2B Tyler Saladino C Dustin Garneau OF Whit Merrifield OF Hunter Renfroe",NA,"","",NA
266,745695430,"histfan",0,80.3,"P Dallas Keuchel P Wade Miley OF Chris Owings OF Giancarlo Stanton SS Francisco Lindor 3B Miguel Sanó OF Christian Yelich 2B Dee Gordon C J.T. Realmuto 1B Justin Bour",NA,"","",NA
268,745688191,"Paragon67",0,80.2,"P Danny Salazar P Wade Miley SS Trea Turner OF Ian Desmond 1B Ryan Zimmerman OF Matt Kemp 3B Miguel Sanó OF Avisaíl García 2B César Hernández C René Rivera",NA,"","",NA
269,745687651,"violetpvt (1/2)",0,80.05,"P Stephen Strasburg P Wade Miley OF A.J. Pollock SS Trea Turner OF Mookie Betts 2B Brian Dozier OF Andrew Benintendi 3B Matt Davidson 1B Justin Bour C Héctor Sánchez",NA,"","",NA
269,745687787,"violetpvt (2/2)",0,80.05,"P Stephen Strasburg P Wade Miley OF A.J. Pollock SS Trea Turner OF Mookie Betts 2B Brian Dozier OF Andrew Benintendi 3B Matt Davidson 1B Justin Bour C Héctor Sánchez",NA,"","",NA
271,745422169,"TopBoy1",0,80,"P Stephen Strasburg P Francisco Liriano OF Charlie Blackmon 3B Manny Machado SS Francisco Lindor 1B Jay Bruce OF Andrew Benintendi 2B César Hernández C Jeff Mathis OF José Martínez",NA,"","",NA
272,745692886,"AloofTheKiller (4/5)",0,79.7,"P Eduardo Rodríguez P Andrew Triggs 3B Nolan Arenado OF Charlie Blackmon OF Ian Desmond 1B Eric Thames OF Michael Brantley 2B Jonathan Villar SS Elvis Andrus C Brian McCann",NA,"","",NA
273,745090240,"Jstock24 (1/10)",0,79.6,"P Danny Salazar P Eduardo Rodríguez SS Trea Turner 2B Daniel Murphy OF Mookie Betts 1B Ryan Zimmerman OF Hanley Ramírez OF Kevin Pillar 3B Chris Coghlan C Christian Vázquez",NA,"","",NA
274,745684907,"lorinjimmy",0,79.55,"P Stephen Strasburg P Miguel González 3B Jake Lamb OF Charlie Blackmon SS Trea Turner 1B Ryan Zimmerman 2B DJ LeMahieu C Salvador Pérez OF Marwin González OF Matt Joyce",NA,"","",NA
275,745689064,"zb113705",0,79.1,"P Dallas Keuchel P Danny Salazar 1B Jay Bruce SS Jean Segura 3B José Reyes OF Michael Conforto OF Michael A. Taylor C Matt Wieters OF Seth Smith 2B Josh Rutledge",NA,"","",NA
276,745703127,"Piona1089",0,79.05,"P Stephen Strasburg P Wade Miley 3B Jake Lamb SS Trevor Story OF Hanley Ramírez 2B Dustin Pedroia OF Khris Davis OF Nick Markakis 1B Kendrys Morales C Christian Vázquez",NA,"","",NA
277,745559394,"DanManTX (1/11)",0,79,"P Stephen Strasburg P Francisco Liriano OF A.J. Pollock OF Charlie Blackmon 1B Hanley Ramírez OF Andrew Benintendi 2B Josh Harrison SS J.J. Hardy C Jeff Mathis 3B Josh Rutledge",NA,"","",NA
278,745676120,"jboler160",0,78.45,"P Yu Darvish P Lance Lynn 1B Freddie Freeman OF Adam Jones OF Jay Bruce SS Tim Anderson 2B Jedd Gyorko 3B Josh Harrison OF Steven Souza Jr. C Jason Castro",NA,"","",NA
279,745691380,"SpiderFngrz (3/6)",0,78.3,"P Kenta Maeda P Francisco Liriano OF Charlie Blackmon OF David Peralta SS Francisco Lindor 1B Jay Bruce OF Andrew Benintendi 2B Josh Harrison 3B Wilmer Flores C Jeff Mathis",NA,"","",NA
280,745693979,"SweetJammie",0,78.1,"P Chris Archer P Andrew Triggs 3B Jake Lamb OF Mookie Betts OF Hanley Ramírez SS Francisco Lindor 2B Dustin Pedroia OF Andrew Benintendi 1B Mitch Moreland C Yasmani Grandal",NA,"","",NA
280,745702150,"Zalesky3",0,78.1,"P Chris Archer P Andrew Triggs 3B Jake Lamb OF Mookie Betts OF Hanley Ramírez SS Francisco Lindor 2B Dustin Pedroia OF Andrew Benintendi 1B Mitch Moreland C Yasmani Grandal",NA,"","",NA
282,745558859,"sphere3d",0,77.9,"P Chris Archer P Mike Foltynewicz 1B Paul Goldschmidt 3B Jake Lamb SS Francisco Lindor OF Michael Brantley OF Khris Davis OF Yasiel Puig 2B Josh Harrison C Christian Vázquez",NA,"","",NA
283,745694962,"BadlandsBears",0,77.6,"P Danny Salazar P Eduardo Rodríguez 1B Hanley Ramírez SS Chris Owings OF Giancarlo Stanton 2B Dustin Pedroia OF Christian Yelich OF Michael Conforto C Yasmani Grandal 3B Marwin González",NA,"","",NA
284,745094338,"tbone1970",0,77.3,"P Dallas Keuchel P Wade Miley OF Mookie Betts OF Hanley Ramírez SS Xander Bogaerts 3B Miguel Sanó 2B Dustin Pedroia OF Andrew Benintendi C Stephen Vogt 1B Justin Bour",NA,"","",NA
284,745675073,"Matbac9 (2/2)",0,77.3,"P Wade Miley P Andrew Triggs OF A.J. Pollock 3B Jake Lamb 1B Ryan Zimmerman SS Francisco Lindor 2B José Ramírez OF Michael Conforto OF Ender Inciarte C J.T. Realmuto",NA,"","",NA
286,745703088,"dhook42",0,76.95,"P Stephen Strasburg P Andrew Triggs OF Charlie Blackmon 3B Manny Machado OF Mark Trumbo OF Adam Jones 2B Dustin Pedroia 1B Matt Carpenter SS J.J. Hardy C Caleb Joseph",NA,"","",NA
287,745078673,"scout326 (9/14)",0,76.85,"P Stephen Strasburg P Chris Archer SS Francisco Lindor OF Michael Brantley OF Jay Bruce 3B José Ramírez OF Michael Conforto 2B Neil Walker 1B Wilmer Flores C Roberto Pérez",NA,"","",NA
288,745702476,"thefantasykid13 (4/4)",0,76.65,"P Francisco Liriano P Michael Fulmer 3B Manny Machado 1B José Abreu OF Mookie Betts OF Hanley Ramírez SS Xander Bogaerts 2B Dustin Pedroia OF Seth Smith C Roberto Pérez",NA,"","",NA
289,745078671,"scout326 (7/14)",0,76.3,"P Danny Salazar P Jhoulys Chacin 3B Nolan Arenado OF Charlie Blackmon SS Trea Turner OF Ian Desmond 1B Mark Reynolds OF Michael Conforto C Dustin Garneau 2B Kolten Wong",NA,"","",NA
289,745693639,"Radical14",0,76.3,"P Wade Miley P Andrew Triggs OF Charlie Blackmon SS Trea Turner OF Ian Desmond 2B Daniel Murphy 1B Ryan Zimmerman 3B Justin Turner OF Andrew Benintendi C Yasmani Grandal",NA,"","",NA
291,745577040,"DanManTX (4/11)",0,76.25,"P Francisco Liriano P Andrew Triggs 3B Jake Lamb OF Charlie Blackmon SS Trevor Story 2B DJ LeMahieu 1B Mark Reynolds OF Gerardo Parra OF Andrew Benintendi C Jeff Mathis",NA,"","",NA
292,745678226,"codycarlson87 (1/3)",0,76.1,"P Dallas Keuchel P Danny Salazar SS Francisco Lindor 3B Miguel Sanó OF Khris Davis OF Max Kepler C Matt Wieters OF Nick Markakis 2B César Hernández 1B Justin Bour",NA,"","",NA
292,745678227,"codycarlson87 (2/3)",0,76.1,"P Dallas Keuchel P Danny Salazar SS Francisco Lindor 3B Miguel Sanó OF Khris Davis OF Max Kepler C Matt Wieters OF Nick Markakis 2B César Hernández 1B Justin Bour",NA,"","",NA
292,745678228,"codycarlson87 (3/3)",0,76.1,"P Dallas Keuchel P Danny Salazar SS Francisco Lindor 3B Miguel Sanó OF Khris Davis OF Max Kepler C Matt Wieters OF Nick Markakis 2B César Hernández 1B Justin Bour",NA,"","",NA
295,745567810,"Gbabyflex22",0,75.95,"P Stephen Strasburg P Andrew Triggs 1B Freddie Freeman OF Andrew McCutchen OF Matt Kemp OF Jay Bruce 3B Evan Longoria SS Jean Segura 2B Brandon Phillips C Salvador Pérez",NA,"","",NA
296,745681411,"mpapa24",0,75.55,"P Danny Salazar P Tom Koehler OF Charlie Blackmon OF Mookie Betts SS Francisco Lindor 3B José Ramírez 2B Jason Kipnis 1B Matt Carpenter C J.T. Realmuto OF Franklin Gutierrez",NA,"","",NA
297,745247798,"markaw4 (12/14)",0,75.25,"P Andrew Triggs P Jesse Chávez 3B Nolan Arenado OF Charlie Blackmon SS Trea Turner 2B Daniel Murphy 1B Ryan Zimmerman OF Jay Bruce OF Jayson Werth C Matt Wieters",NA,"","",NA
297,745695400,"jaclynrhea (1/2)",0,75.25,"P Yu Darvish P Danny Salazar 3B Jake Lamb 2B Dustin Pedroia OF Andrew Benintendi C J.T. Realmuto OF Steven Souza Jr. OF Corey Dickerson SS Tim Beckham 1B Rickie Weeks Jr.",NA,"","",NA
299,745562559,"leafs93 (3/3)",0,75.1,"P Danny Salazar P Andrew Triggs 3B Nolan Arenado OF Charlie Blackmon OF Ian Desmond 2B DJ LeMahieu 1B Mark Reynolds OF Michael Conforto SS Tim Beckham C René Rivera",NA,"","",NA
300,745698433,"SpiderFngrz (4/6)",0,75,"P Stephen Strasburg P Francisco Liriano 3B Jake Lamb OF Charlie Blackmon OF Hanley Ramírez OF Andrew Benintendi 2B Josh Harrison SS J.J. Hardy 1B Josh Bell C Jeff Mathis",NA,"","",NA
301,745692706,"Flipper9",0,74.9,"P Danny Salazar P Mike Foltynewicz SS Trea Turner OF Giancarlo Stanton 1B Jay Bruce OF Christian Yelich 2B Dee Gordon OF Michael Conforto C J.T. Realmuto 3B Martín Prado",NA,"","",NA
302,745672825,"hammermikem",0,74.35,"P Zack Greinke P Miguel González 3B Jake Lamb OF Charlie Blackmon OF Ian Desmond 1B Eric Thames 2B José Altuve OF Chris Owings SS Jean Segura C J.T. Realmuto",NA,"","",NA
303,745671971,"way9468",0,74.2,"P Chris Archer P Wade Miley 3B Nolan Arenado OF Charlie Blackmon OF Ian Desmond 2B DJ LeMahieu SS Jean Segura OF Abraham Almonte C Jeff Mathis 1B T.J. Rivera",NA,"","",NA
304,745683126,"ajguggino",0,74.1,"P Dallas Keuchel P Chris Archer SS Trea Turner 2B Daniel Murphy 3B Evan Longoria OF Jayson Werth C Matt Wieters OF Kevin Kiermaier OF Peter Bourjos 1B Rickie Weeks Jr.",NA,"","",NA
305,745067066,"gosixersgo76 (1/2)",0,73.95,"P Stephen Strasburg P Andrew Triggs 3B Jake Lamb OF Mookie Betts 1B Hanley Ramírez OF David Peralta 2B Dustin Pedroia OF Andrew Benintendi SS Tim Beckham C Christian Vázquez",NA,"","",NA
305,745067067,"gosixersgo76 (2/2)",0,73.95,"P Stephen Strasburg P Andrew Triggs 3B Jake Lamb OF Mookie Betts 1B Hanley Ramírez OF David Peralta 2B Dustin Pedroia OF Andrew Benintendi SS Tim Beckham C Christian Vázquez",NA,"","",NA
307,745626471,"Cem32",0,73.75,"P Francisco Liriano P Eduardo Rodríguez SS Trea Turner OF Mookie Betts OF Melky Cabrera OF Giancarlo Stanton 1B Wil Myers 2B Robinson Canó C Matt Wieters 3B Travis Shaw",NA,"","",NA
308,745702475,"thefantasykid13 (3/4)",0,73.65,"P Francisco Liriano P Michael Fulmer OF Ian Desmond OF Mookie Betts OF Hanley Ramírez SS Xander Bogaerts 2B Brian Dozier 3B Miguel Sanó 1B Mitch Moreland C Tyler Flowers",NA,"","",NA
309,745613732,"DanManTX (10/11)",0,73.3,"P Wade Miley P Andrew Triggs OF Charlie Blackmon SS Trea Turner 3B Manny Machado 1B Freddie Freeman 2B Daniel Murphy OF Jay Bruce OF Cody Bellinger C Jeff Mathis",NA,"","",NA
310,745547158,"Hausband",0,73.2,"P Chris Archer P Wade Miley OF Charlie Blackmon 1B Eric Thames OF Matt Kemp 3B Jedd Gyorko OF Avisaíl García SS Aledmys Díaz C Matt Wieters 2B Josh Harrison",NA,"","",NA
310,745676882,"brd1480",0,73.2,"P Danny Salazar P Wade Miley OF A.J. Pollock OF Matt Kemp 3B Miguel Sanó 1B Jay Bruce 2B José Ramírez SS Jean Segura C Matt Wieters OF Ben Gamel",NA,"","",NA
312,745078677,"scout326 (13/14)",0,72.75,"P Danny Salazar P Nick Pivetta 3B Nolan Arenado OF Charlie Blackmon OF Ian Desmond SS Trevor Story OF Giancarlo Stanton 2B Dee Gordon C Dustin Garneau 1B Justin Bour",NA,"","",NA
313,745578337,"DanManTX (5/11)",0,72.15,"P Chris Archer P Francisco Liriano OF Charlie Blackmon 1B Hanley Ramírez 2B Brian Dozier 3B Miguel Sanó OF Max Kepler OF Robbie Grossman SS Jorge Polanco C Jeff Mathis",NA,"","",NA
314,745612376,"BRUMMIE22 (2/2)",0,72.1,"P Dallas Keuchel P Danny Salazar 3B Jake Lamb OF Jay Bruce 2B Dee Gordon OF Jayson Werth 1B Mitch Moreland OF Steven Souza Jr. C Jeff Mathis SS Eduardo Escobar",NA,"","",NA
315,745569563,"DanManTX (3/11)",0,72,"P Stephen Strasburg P Francisco Liriano OF Charlie Blackmon OF Mookie Betts 1B Hanley Ramírez 2B Dustin Pedroia OF Andrew Benintendi SS J.J. Hardy C Jeff Mathis 3B Josh Rutledge",NA,"","",NA
316,745674862,"MahNaMahNa",0,71.85,"P Yu Darvish P Eduardo Rodríguez OF Mookie Betts 1B Hanley Ramírez 2B Dustin Pedroia SS Tim Anderson OF Andrew Benintendi 3B Matt Davidson OF Steve Pearce C Jeff Mathis",NA,"","",NA
317,745528477,"hunter2667",0,71.75,"P Dallas Keuchel P Zack Greinke 1B Eric Thames OF Michael Brantley 3B Miguel Sanó OF Jay Bruce OF Avisaíl García C Matt Wieters 2B Neil Walker SS Tim Beckham",NA,"","",NA
318,745536218,"moz1128",0,71.7,"P Danny Salazar P Miguel González 1B Freddie Freeman OF Mark Trumbo OF Giancarlo Stanton SS Xander Bogaerts OF Andrew McCutchen 2B Dustin Pedroia 3B Maikel Franco C Yasmani Grandal",NA,"","",NA
319,745488626,"mgehrig21",0,71.6,"P Danny Salazar P Eduardo Rodríguez 3B Manny Machado 1B José Abreu OF Mookie Betts OF Hanley Ramírez OF Lorenzo Cain C Yadier Molina SS Tim Beckham 2B Kolten Wong",NA,"","",NA
320,745699085,"SpiderFngrz (5/6)",0,71.3,"P Kenta Maeda P Francisco Liriano OF Charlie Blackmon 3B Manny Machado OF Hanley Ramírez 1B Mark Reynolds OF Andrew Benintendi 2B Josh Harrison SS J.J. Hardy C Caleb Joseph",NA,"","",NA
321,745683289,"lablelarry",0,71.2,"P Danny Salazar P Wade Miley 3B Jake Lamb 1B Ryan Zimmerman SS Francisco Lindor OF Matt Kemp OF Avisaíl García OF Ender Inciarte 2B César Hernández C Russell Martin",NA,"","",NA
322,745247787,"markaw4 (1/14)",0,71.15,"P Chris Archer P Jesse Chávez 3B Jake Lamb SS Trea Turner 1B Freddie Freeman OF Matt Kemp 2B Brandon Phillips OF Michael Conforto OF Ender Inciarte C Matt Wieters",NA,"","",NA
323,745648600,"munnybags46",0,70.85,"P Dallas Keuchel P Nick Pivetta SS Trea Turner OF Mookie Betts 1B Hanley Ramírez 2B José Altuve OF Jay Bruce OF Justin Upton 3B Evan Longoria C Alex Avila",NA,"","",NA
324,745699179,"SpiderFngrz (6/6)",0,70.3,"P Kenta Maeda P Francisco Liriano OF Charlie Blackmon SS Trevor Story OF Hanley Ramírez 1B Jay Bruce OF Andrew Benintendi 3B Josh Harrison C Jeff Mathis 2B Josh Rutledge",NA,"","",NA
325,745090241,"Jstock24 (2/10)",0,69.8,"P Eduardo Rodríguez P Wade Miley 3B Nolan Arenado OF Charlie Blackmon 2B Daniel Murphy SS Trevor Story 1B Ryan Zimmerman OF José Bautista C Russell Martin OF Kevin Pillar",NA,"","",NA
326,745247799,"markaw4 (13/14)",0,69.25,"P Andrew Triggs P Jesse Chávez 3B Nolan Arenado OF Charlie Blackmon OF Ian Desmond SS Trevor Story OF Mookie Betts 1B Mark Reynolds 2B Dee Gordon C Yasmani Grandal",NA,"","",NA
327,745698646,"Lesmac24 (2/2)",0,69.15,"P Danny Salazar P Kenta Maeda 3B Jake Lamb OF David Peralta OF Jay Bruce OF Michael Conforto 2B Neil Walker C Yasmani Grandal SS Tim Beckham 1B Rickie Weeks Jr.",NA,"","",NA
328,745676979,"mosh8124 (1/2)",0,69.1,"P Yu Darvish P Stephen Strasburg 3B Jake Lamb OF Michael Brantley SS Tim Anderson OF José Bautista OF Corey Dickerson 2B Kolten Wong 1B José Martínez C Héctor Sánchez",NA,"","",NA
329,745078668,"scout326 (4/14)",0,67.75,"P Chris Archer P Nick Pivetta 3B Nolan Arenado OF Charlie Blackmon OF Ian Desmond SS Trevor Story 1B Hanley Ramírez 2B Dustin Pedroia OF Andrew Benintendi C Christian Vázquez",NA,"","",NA
329,745688670,"bits624",0,67.75,"P Zack Greinke P Andrew Triggs OF Charlie Blackmon SS Trea Turner 3B Manny Machado 1B José Abreu OF Mookie Betts OF Adam Jones 2B Josh Harrison C Yadier Molina",NA,"","",NA
331,745098552,"Jstock24 (6/10)",0,67.6,"P Danny Salazar P Eduardo Rodríguez OF Mookie Betts OF Hanley Ramírez SS Francisco Lindor 1B Edwin Encarnación 2B Dustin Pedroia OF José Bautista C Russell Martin 3B Chris Coghlan",NA,"","",NA
332,745399038,"jgallagher80 (3/4)",0,67.15,"P Danny Salazar P Francisco Liriano 1B José Abreu OF Hanley Ramírez OF Melky Cabrera 2B José Ramírez OF Avisaíl García SS Elvis Andrus 3B Matt Davidson C Christian Vázquez",NA,"","",NA
333,745347789,"bafreudeman",0,66.1,"P Danny Salazar P Andrew Triggs OF Ian Desmond SS Trevor Story 1B Eric Thames 2B Brian Dozier 3B Miguel Sanó OF Ender Inciarte OF Hernán Pérez C Jeff Mathis",NA,"","",NA
334,745686800,"twizzler21",0,65.8,"P Lance Lynn P Eduardo Rodríguez OF Yasmany Tomás 1B Eric Thames OF David Peralta SS Chris Owings 2B Jonathan Villar OF Jay Bruce C Matt Wieters 3B Travis Shaw",NA,"","",NA
335,745692883,"AloofTheKiller (1/5)",0,64.95,"P Stephen Strasburg P Dallas Keuchel OF Charlie Blackmon OF Michael Brantley 2B José Ramírez OF Michael Conforto 3B Travis Shaw SS Tim Beckham C Manny Piña 1B José Martínez",NA,"","",NA
336,745621823,"DanManTX (11/11)",0,64.3,"P Wade Miley P Andrew Triggs OF Charlie Blackmon SS Trea Turner OF Ian Desmond 1B Ryan Zimmerman OF Matt Kemp 3B Miguel Sanó C Matt Wieters 2B César Hernández",NA,"","",NA
337,745531809,"Brijacks84",0,64.2,"P Danny Salazar P Wade Miley OF Ian Desmond 1B Ryan Zimmerman OF Giancarlo Stanton SS Xander Bogaerts 3B José Ramírez 2B César Hernández OF Corey Dickerson C Tyler Flowers",NA,"","",NA
337,745694612,"SnowReaper",0,64.2,"P Dallas Keuchel P Andrew Triggs SS Trea Turner OF Ian Desmond 1B Mark Reynolds OF Michael Brantley OF Jay Bruce 2B José Ramírez 3B Joey Gallo C René Rivera",NA,"","",NA
339,745202888,"memphotiger (1/3)",0,64.1,"P Danny Salazar P Andrew Triggs 3B Jake Lamb OF Mookie Betts OF Hanley Ramírez SS Francisco Lindor 2B Dustin Pedroia OF Andrew Benintendi 1B Mitch Moreland C Yadier Molina",NA,"","",NA
339,745690650,"memphotiger (2/3)",0,64.1,"P Danny Salazar P Andrew Triggs 3B Jake Lamb OF Mookie Betts OF Hanley Ramírez SS Francisco Lindor 2B Dustin Pedroia OF Andrew Benintendi 1B Mitch Moreland C Yadier Molina",NA,"","",NA
339,745702611,"memphotiger (3/3)",0,64.1,"P Danny Salazar P Andrew Triggs 3B Jake Lamb OF Mookie Betts OF Hanley Ramírez SS Francisco Lindor 2B Dustin Pedroia OF Andrew Benintendi 1B Mitch Moreland C Yadier Molina",NA,"","",NA
342,745703166,"greggg359",0,63.75,"P Stephen Strasburg P Mike Foltynewicz OF Mike Trout OF Charlie Blackmon OF Lorenzo Cain 3B Justin Turner 1B Albert Pujols 2B Brandon Phillips SS Alcides Escobar C Stephen Vogt",NA,"","",NA
343,745692841,"AWGIB",0,63.45,"P Yu Darvish SS Trea Turner OF Ian Desmond 3B Manny Machado 2B DJ LeMahieu OF Adam Jones 1B Mark Reynolds OF Seth Smith C Tyler Flowers P German Márquez",NA,"","",NA
344,745002352,"nitime",0,63.25,"P Francisco Liriano P Andrew Triggs 3B Nolan Arenado OF Charlie Blackmon SS Chris Owings 2B Brian Dozier 1B Edwin Encarnación OF Jackie Bradley Jr. OF Ender Inciarte C Salvador Pérez",NA,"","",NA
345,745680808,"pepman9",0,62.1,"P Dallas Keuchel P Danny Salazar OF Charlie Blackmon OF Chris Owings SS Jean Segura 3B Joey Gallo C Salvador Pérez OF Corey Dickerson 1B Danny Valencia 2B Kolten Wong",NA,"","",NA
346,745620820,"david43kaz",0,62.05,"P Stephen Strasburg P Wade Miley 3B Jake Lamb OF Hanley Ramírez SS Chris Owings OF Jay Bruce OF Michael Conforto 1B Mitch Moreland 2B Josh Rutledge C René Rivera",NA,"","",NA
347,745686296,"piratefan44",0,61.3,"P Dallas Keuchel P Wade Miley OF Ian Desmond 1B Freddie Freeman 2B Daniel Murphy SS Xander Bogaerts 3B Justin Turner OF Curtis Granderson C Russell Martin OF Ben Gamel",NA,"","",NA
348,745247788,"markaw4 (2/14)",0,61.1,"P Chris Archer P Andrew Triggs 2B Daniel Murphy OF Mookie Betts SS Francisco Lindor OF Michael Brantley 1B Carlos Santana 3B José Ramírez OF Michael Conforto C Yasmani Grandal",NA,"","",NA
349,745601718,"DanManTX (8/11)",0,61,"P Stephen Strasburg P Francisco Liriano OF Charlie Blackmon SS Trea Turner 2B Rougned Odor 3B Joey Gallo 1B Mike Napoli OF Carlos Gómez OF Nomar Mazara C Jeff Mathis",NA,"","",NA
350,745698951,"clemsonace (2/2)",0,60.75,"P Francisco Liriano P Eduardo Rodríguez OF Ian Desmond OF Mookie Betts 1B Hanley Ramírez SS Xander Bogaerts 3B José Ramírez 2B Dustin Pedroia OF Andrew Benintendi C Yasmani Grandal",NA,"","",NA
351,745609387,"DanManTX (9/11)",0,59.3,"P Wade Miley P Andrew Triggs 3B Nolan Arenado OF A.J. Pollock OF Charlie Blackmon SS Trevor Story 1B Hanley Ramírez OF Andrew Benintendi 2B Josh Harrison C Jeff Mathis",NA,"","",NA
351,745677330,"werthechamps",0,59.3,"P Dallas Keuchel P Wade Miley 1B Mark Reynolds OF Jackie Bradley Jr. 2B José Ramírez 3B Trevor Plouffe C Jonathan Lucroy SS Freddy Galvis OF Kevin Pillar OF Chris Coghlan",NA,"","",NA
353,745613345,"LockandLoad26 (1/2)",0,59.1,"P Danny Salazar P Andrew Triggs 3B Manny Machado OF Hanley Ramírez 2B José Altuve OF Mark Trumbo 1B Jay Bruce C Chris Herrmann OF Kole Calhoun SS J.J. Hardy",NA,"","",NA
354,745508107,"BigHoj (2/3)",0,58.3,"P Kenta Maeda P Francisco Liriano 3B Jake Lamb SS Trea Turner 1B Hanley Ramírez 2B Jonathan Villar OF Keon Broxton OF Hernán Pérez OF Nick Franklin C Manny Piña",NA,"","",NA
354,745699713,"joemfbishop",0,58.3,"P Wade Miley P Andrew Triggs OF A.J. Pollock 3B Jake Lamb SS Trea Turner OF Ian Desmond 1B Ryan Zimmerman 2B José Ramírez C Matt Wieters OF Ben Gamel",NA,"","",NA
356,745681426,"k_logan (1/2)",0,58.1,"P Wade Miley P Mike Foltynewicz 3B Nolan Arenado 1B Ryan Zimmerman OF David Peralta SS Francisco Lindor OF Michael Brantley OF Nelson Cruz 2B Robinson Canó C Matt Wieters",NA,"","",NA
357,745690596,"SpiderFngrz (2/6)",0,58,"P Stephen Strasburg P Francisco Liriano OF Charlie Blackmon 1B Hanley Ramírez OF Jay Bruce OF Gerardo Parra 2B Jonathan Schoop 3B Josh Harrison SS J.J. Hardy C Jeff Mathis",NA,"","",NA
358,745683044,"k_logan (2/2)",0,56.25,"P Kenta Maeda P Andrew Triggs 1B Freddie Freeman SS Corey Seager 2B Brian Dozier OF Adam Jones OF Andrew McCutchen OF Jay Bruce 3B Nicholas Castellanos C Salvador Pérez",NA,"","",NA
359,744957969,"brabby",0,56.2,"P Danny Salazar P Wade Miley OF A.J. Pollock SS Francisco Lindor 1B Wil Myers OF Jay Bruce 2B José Ramírez 3B Justin Turner OF Avisaíl García C Christian Vázquez",NA,"","",NA
360,745499933,"jimandanne",0,55.6,"P Danny Salazar P Eduardo Rodríguez OF Mookie Betts OF Hanley Ramírez SS Xander Bogaerts OF Jackie Bradley Jr. 3B José Ramírez 1B Mitch Moreland C Salvador Pérez 2B Whit Merrifield",NA,"","",NA
361,745671781,"structo",0,55.1,"P Dallas Keuchel P Danny Salazar OF Giancarlo Stanton OF Andrew McCutchen OF Matt Kemp 1B Carlos Santana 3B Travis Shaw C Stephen Vogt SS Tim Beckham 2B Jed Lowrie",NA,"","",NA
361,745672517,"ficus2222",0,55.1,"P Dallas Keuchel P Danny Salazar OF Adam Jones OF Michael Brantley OF Nelson Cruz 2B Jedd Gyorko 1B Mitch Moreland 3B Josh Harrison C Stephen Vogt SS Tim Beckham",NA,"","",NA
363,745688662,"dunleavy89",0,53.9,"P Danny Salazar P Mike Foltynewicz 1B Freddie Freeman OF Hanley Ramírez OF Jay Bruce 2B Dustin Pedroia 3B José Reyes OF Michael Conforto C Yasmani Grandal SS Tim Beckham",NA,"","",NA
364,745702101,"FREETOMBRADY1212 (2/2)",0,53.8,"P Eduardo Rodríguez P Wade Miley 3B Nolan Arenado OF A.J. Pollock OF Charlie Blackmon 1B Hanley Ramírez SS Francisco Lindor OF Jackie Bradley Jr. C Yasmani Grandal 2B Josh Rutledge",NA,"","",NA
365,745694243,"hensondk",0,51.9,"P Danny Salazar P Mike Foltynewicz OF Mookie Betts 1B Eric Thames SS Francisco Lindor 2B Jonathan Villar OF José Bautista 3B Evan Longoria C J.T. Realmuto OF Jorge Bonifacio",NA,"","",NA
366,745702503,"drizzydre212221",0,50.9,"P Danny Salazar P Mike Foltynewicz 1B Freddie Freeman OF Mookie Betts OF Hanley Ramírez 2B Brian Dozier 3B Miguel Sanó OF Christian Yelich C Jason Castro SS Eduardo Escobar",NA,"","",NA
367,745702588,"TurboTim555",0,50.3,"P Dallas Keuchel P Wade Miley OF Mookie Betts 1B Hanley Ramírez SS Francisco Lindor 2B Dustin Pedroia OF Justin Upton OF Andrew Benintendi 3B Joey Gallo C Cameron Rupp",NA,"","",NA
368,745690605,"chas51",0,49.95,"P Yu Darvish P Miguel González OF Ian Desmond 1B Eric Thames SS Francisco Lindor OF Matt Kemp OF Jay Bruce 2B José Ramírez 3B Travis Shaw C Francisco Cervelli",NA,"","",NA
369,745015602,"Chris_1188",0,49.2,"P Danny Salazar P Wade Miley OF Mookie Betts 1B Hanley Ramírez SS Xander Bogaerts OF Jay Bruce 2B Dustin Pedroia 3B José Reyes OF Michael Conforto C Christian Vázquez",NA,"","",NA
370,745098554,"Jstock24 (8/10)",0,48.6,"P Danny Salazar P Eduardo Rodríguez OF Mookie Betts OF Hanley Ramírez SS Francisco Lindor 1B Carlos Santana 2B Dustin Pedroia OF José Bautista C Russell Martin 3B Chris Coghlan",NA,"","",NA
371,745610159,"DaGgSeS",0,48.1,"P Danny Salazar P Andrew Triggs 3B Jake Lamb OF Charlie Blackmon 1B Freddie Freeman OF Yasmany Tomás SS Francisco Lindor OF Michael Conforto C Manny Piña 2B Kolten Wong",NA,"","",NA
371,745675334,"stacksizzle",0,48.1,"P Dallas Keuchel P Danny Salazar 1B Freddie Freeman 2B José Ramírez SS Tim Anderson OF Avisaíl García 3B Matt Davidson OF Nomar Mazara OF Abraham Almonte C Manny Piña",NA,"","",NA
373,745565753,"rwalkersc",0,46.1,"P Wade Miley P Mike Foltynewicz SS Trea Turner 3B Manny Machado 2B Daniel Murphy OF Mark Trumbo OF Adam Jones 1B Chris Davis C Matt Wieters OF Seth Smith",NA,"","",NA
374,745703341,"jryniak",0,46.05,"P Stephen Strasburg P Wade Miley OF Ian Desmond 3B Manny Machado 1B Freddie Freeman OF Khris Davis OF Avisaíl García 2B Neil Walker C Yadier Molina SS Andrelton Simmons",NA,"","",NA
375,745642278,"jhayes1",0,43.3,"P Dallas Keuchel P Wade Miley OF Ian Desmond 3B Manny Machado OF Adam Jones OF Lorenzo Cain 1B Albert Pujols 2B Jonathan Schoop C Salvador Pérez SS J.J. Hardy",NA,"","",NA
376,745688945,"nyknicks721",0,39.25,"P Dallas Keuchel P Rafael Montero OF Charlie Blackmon OF Ian Desmond 1B Freddie Freeman 2B Brian Dozier SS Francisco Lindor OF Jay Bruce 3B Jedd Gyorko C Jonathan Lucroy",NA,"","",NA
377,745419269,"rrentz",0,36.9,"P Danny Salazar P Mike Foltynewicz 3B Manny Machado OF Mookie Betts SS Francisco Lindor OF Michael Brantley OF Jay Bruce 2B Dustin Pedroia 1B Mitch Moreland C Roberto Pérez",NA,"","",NA
